state_name,year,ffs,assigned_lo,assigned_hi,n_suppressed,pen_lo,pen_hi
Alabama,2016,674292.0,44039.0,44039.0,0,6.531146743547306,6.531146743547306
Alaska,2016,78268.0,4047.0,4047.0,0,5.170695558849083,5.170695558849083
Arizona,2016,639399.0,131017.0,131017.0,0,20.490648249371677,20.490648249371677
Arkansas,2016,448670.0,98277.0,98277.0,0,21.90407203512604,21.90407203512604
California,2016,2813891.0,274212.0,274212.0,0,9.744940369047699,9.744940369047699
Colorado,2016,447350.0,71924.0,71924.0,0,16.077791438470996,16.077791438470996
Connecticut,2016,412621.0,167577.0,167577.0,0,40.61281418056764,40.61281418056764
Delaware,2016,159290.0,83976.0,83976.0,0,52.71894029757047,52.71894029757047
District of Columbia,2016,59770.0,11655.0,11655.0,0,19.49974903797892,19.49974903797892
Florida,2016,2242553.0,494577.0,494577.0,0,22.05419448280598,22.05419448280598
Georgia,2016,942035.0,208984.0,208984.0,0,22.184313746304543,22.184313746304543
Hawaii,2016,106403.0,13.0,13.0,0,0.012217700628741671,0.012217700628741671
Idaho,2016,184391.0,35558.0,35558.0,0,19.28402145440938,19.28402145440938
Illinois,2016,1472951.0,468797.0,468797.0,0,31.82706009908001,31.82706009908001
Indiana,2016,823889.0,290041.0,290041.0,0,35.203892757398144,35.203892757398144
Iowa,2016,457865.0,155284.0,155284.0,0,33.91480021403689,33.91480021403689
Kansas,2016,398740.0,76334.0,76334.0,0,19.143802979385065,19.143802979385065
Kentucky,2016,591223.0,161796.0,161796.0,0,27.36632370526857,27.36632370526857
Louisiana,2016,507463.0,109785.0,109785.0,0,21.63408957894467,21.63408957894467
Maine,2016,215995.0,90215.0,90215.0,0,41.76717053635501,41.76717053635501
Maryland,2016,757618.0,229141.0,229141.0,0,30.244925542951727,30.244925542951727
Massachusetts,2016,865717.0,177255.0,177255.0,0,20.474935804656717,20.474935804656717
Michigan,2016,1172704.0,309215.0,309215.0,0,26.367693808497286,26.367693808497286
Minnesota,2016,353171.0,61018.0,61018.0,0,17.277183007664842,17.277183007664842
Mississippi,2016,458829.0,74820.0,74820.0,0,16.30672865054301,16.30672865054301
Missouri,2016,742845.0,164149.0,164149.0,0,22.097341975782296,22.097341975782296
Montana,2016,155819.0,35489.0,35489.0,0,22.775784724584295,22.775784724584295
Nebraska,2016,262993.0,71451.0,71451.0,0,27.168403721772062,27.168403721772062
Nevada,2016,265397.0,60207.0,60207.0,0,22.68563698911442,22.68563698911442
New Hampshire,2016,226252.0,63938.0,63938.0,0,28.259639693792764,28.259639693792764
New Jersey,2016,1124742.0,394505.0,394505.0,0,35.0751550133275,35.0751550133275
New Mexico,2016,227572.0,11517.0,11517.0,0,5.0608159175997045,5.0608159175997045
New York,2016,1803072.0,482087.0,482087.0,0,26.7369799985802,26.7369799985802
North Carolina,2016,1185183.0,247885.0,247885.0,0,20.915335437649713,20.915335437649713
North Dakota,2016,90018.0,16432.0,16432.0,0,18.2541269523873,18.2541269523873
Ohio,2016,1231290.0,357536.0,357536.0,0,29.037513502099426,29.037513502099426
Oklahoma,2016,530298.0,57231.0,57231.0,0,10.792233800617765,10.792233800617765
Oregon,2016,381233.0,17494.0,17494.0,0,4.588794779045886,4.588794779045886
Pennsylvania,2016,1364111.0,375179.0,375179.0,0,27.503553596444863,27.503553596444863
Rhode Island,2016,103996.0,32206.0,32206.0,0,30.96849878841494,30.96849878841494
South Carolina,2016,687198.0,128596.0,128596.0,0,18.713092878617225,18.713092878617225
South Dakota,2016,117176.0,16586.0,16586.0,0,14.154775721990852,14.154775721990852
Tennessee,2016,746122.0,134668.0,134668.0,0,18.04905900107489,18.04905900107489
Texas,2016,2222439.0,537391.0,537391.0,0,24.18023621795694,24.18023621795694
Utah,2016,202886.0,49266.0,49266.0,0,24.282602052384096,24.282602052384096
Vermont,2016,116615.0,53009.0,53009.0,0,45.45641641298289,45.45641641298289
Virginia,2016,1015425.0,306828.0,306828.0,0,30.216707290050962,30.216707290050962
Washington,2016,767431.0,127118.0,127118.0,0,16.564095013102154,16.564095013102154
West Virginia,2016,292211.0,38889.0,38889.0,0,13.308533901872277,13.308533901872277
Wisconsin,2016,606087.0,102595.0,102595.0,0,16.927437810083372,16.927437810083372
Wyoming,2016,89736.0,3440.0,3440.0,0,3.833467058928412,3.833467058928412
Alabama,2017,579332.0,42593.0,58803.0,1621,7.352088267176679,10.150138435301347
Alaska,2017,80901.0,3740.0,8610.0,487,4.622934203532713,10.64263729743761
Arizona,2017,657088.0,164946.0,178216.0,1327,25.102573780072074,27.122090191876886
Arkansas,2017,444843.0,92883.0,106483.0,1360,20.879950904026813,23.937209307553452
California,2017,2845247.0,356076.0,394666.0,3859,12.514765853368793,13.871062863786518
Colorado,2017,456708.0,125720.0,146680.0,2096,27.527435472993684,32.116801107053085
Connecticut,2017,408995.0,174954.0,183254.0,830,42.776562060660886,44.80592672282057
Delaware,2017,159656.0,84980.0,88410.0,343,53.22693791652052,55.37530690985619
District of Columbia,2017,59778.0,10140.0,11820.0,168,16.962762220214795,19.77316069456991
Florida,2017,2222673.0,551547.0,638867.0,8732,24.814581362170685,28.743184445035325
Georgia,2017,934137.0,270074.0,307714.0,3764,28.91160504294338,32.94099259530454
Hawaii,2017,108600.0,118.0,2958.0,284,0.10865561694290976,2.723756906077348
Idaho,2017,193238.0,8622.0,14672.0,605,4.461855328662065,7.592709508481769
Illinois,2017,1446656.0,529806.0,558396.0,2859,36.62280459210759,38.59908644487701
Indiana,2017,816443.0,261956.0,287656.0,2570,32.08503226802116,35.23283315552953
Iowa,2017,462030.0,143306.0,157496.0,1419,31.01660065363721,34.08782979460208
Kansas,2017,399263.0,107537.0,119857.0,1232,26.933875665914446,30.019561041218445
Kentucky,2017,583799.0,157486.0,177076.0,1959,26.976065392369634,30.331672373539522
Louisiana,2017,499753.0,132784.0,144344.0,1156,26.56992554321835,28.88306823570844
Maine,2017,210245.0,95749.0,104429.0,868,45.54163000309163,49.670146733572736
Maryland,2017,758405.0,277687.0,294387.0,1670,36.61460565265261,38.81659535472472
Massachusetts,2017,861256.0,266772.0,279912.0,1314,30.97476243997139,32.50044121608442
Michigan,2017,1158685.0,437215.0,473725.0,3651,37.73372400609311,40.884709821910185
Minnesota,2017,342843.0,64749.0,78169.0,1342,18.885904043541796,22.800232176243938
Mississippi,2017,455993.0,86030.0,97850.0,1182,18.866517687771523,21.45866274262982
Missouri,2017,729320.0,171410.0,193140.0,2173,23.50271485767564,26.482202599681894
Montana,2017,158973.0,25966.0,32436.0,647,16.333591238763816,20.40346473929535
Nebraska,2017,265882.0,122371.0,131231.0,886,46.02455224498085,49.356857553350736
Nevada,2017,269504.0,58291.0,64781.0,649,21.628992519591545,24.03712004274519
New Hampshire,2017,225488.0,80469.0,88129.0,766,35.686599730362595,39.083676293195204
New Jersey,2017,1052836.0,368121.0,388811.0,2069,34.96470485431729,36.92987321862094
New Mexico,2017,228159.0,19329.0,28299.0,897,8.471723666390544,12.40319251048611
New York,2017,1769970.0,528820.0,572960.0,4414,29.877342553828598,32.37117013282711
North Carolina,2017,1186319.0,397721.0,439011.0,4129,33.52563686495791,37.00615095939625
North Dakota,2017,93309.0,5745.0,9785.0,404,6.1569623508986275,10.48666259417634
Ohio,2017,1221336.0,395448.0,425728.0,3028,32.37831358446816,34.85756581317508
Oklahoma,2017,532303.0,73010.0,85900.0,1289,13.715872350897891,16.137425488866302
Oregon,2017,388396.0,21387.0,31347.0,996,5.506493372743282,8.070886414896137
Pennsylvania,2017,1354332.0,418224.0,452464.0,3424,30.880463579092865,33.408647215010795
Rhode Island,2017,94984.0,29542.0,32462.0,292,31.1020803503748,34.17628232123305
South Carolina,2017,690332.0,214238.0,237658.0,2342,31.034053180208943,34.42662371148955
South Dakota,2017,120729.0,15501.0,24851.0,935,12.839500037273563,20.584118148912026
Tennessee,2017,742461.0,146630.0,173470.0,2684,19.749185479102607,23.364190172951844
Texas,2017,2205833.0,593539.0,662369.0,6883,26.90770334834958,30.028066494607707
Utah,2017,205755.0,54951.0,60161.0,521,26.707005905081285,29.239143641709802
Vermont,2017,117186.0,60480.0,66490.0,601,51.610260611335825,56.7388595907361
Virginia,2017,1025527.0,267919.0,304619.0,3670,26.125006947647403,29.703654803822815
Washington,2017,781397.0,130659.0,145209.0,1455,16.72120573792835,18.583255374668703
West Virginia,2017,283163.0,54621.0,64811.0,1019,19.28959645151379,22.888230453837544
Wisconsin,2017,607014.0,88550.0,106440.0,1789,14.587801928785828,17.53501566685447
Wyoming,2017,92439.0,6298.0,11608.0,531,6.813141639351356,12.557470331786368
Alabama,2018,558242.0,110728.0,131238.0,2051,19.83512526825284,23.509159110206685
Alaska,2018,84714.0,5377.0,11417.0,604,6.347238945156644,13.477111221285737
Arizona,2018,674543.0,184410.0,200690.0,1628,27.33850918325444,29.751995054429443
Arkansas,2018,438753.0,138733.0,154813.0,1608,31.619840776017487,35.284772981609244
California,2018,2859639.0,374198.0,419318.0,4512,13.085497854799154,14.66331939101404
Colorado,2018,470889.0,90254.0,115934.0,2568,19.166725066841654,24.620239589372442
Connecticut,2018,349723.0,160901.0,169681.0,878,46.00812643149006,48.518684787674815
Delaware,2018,161419.0,84703.0,88973.0,427,52.47399624579511,55.11928583376182
District of Columbia,2018,59607.0,16904.0,18724.0,182,28.359085342325567,31.412418004596777
Florida,2018,2200541.0,751299.0,853759.0,10246,34.141558825761486,38.79768656889374
Georgia,2018,922694.0,298426.0,344936.0,4651,32.34290024645224,37.383574619538
Hawaii,2018,109802.0,94.0,3674.0,358,0.0856086410083605,3.346022841114005
Idaho,2018,197580.0,38201.0,46531.0,833,19.33444680635692,23.550460572932483
Illinois,2018,1443296.0,622134.0,657694.0,3556,43.105087244750905,45.5688923131499
Indiana,2018,798312.0,281118.0,311318.0,3020,35.21405164897935,38.99703374119392
Iowa,2018,459490.0,171409.0,188629.0,1722,37.304185074756795,41.05181832031165
Kansas,2018,402023.0,124571.0,138451.0,1388,30.98603811224731,34.4385768973417
Kentucky,2018,575920.0,157983.0,180833.0,2285,27.431414085289624,31.398979024864566
Louisiana,2018,492816.0,105693.0,119893.0,1420,21.44674685886822,24.32814681341515
Maine,2018,203921.0,107171.0,117241.0,1007,52.55515616341623,57.4933430102834
Maryland,2018,768524.0,293490.0,313810.0,2032,38.18878785828419,40.83281719243641
Massachusetts,2018,864096.0,150078.0,164898.0,1482,17.368209087879123,19.083296300411064
Michigan,2018,1107665.0,394975.0,437345.0,4237,35.658344355017086,39.48350810037331
Minnesota,2018,347019.0,73994.0,90324.0,1633,21.322751780161894,26.028545987395503
Mississippi,2018,454172.0,132665.0,149215.0,1655,29.210299181807773,32.854293087200446
Missouri,2018,718509.0,191927.0,218847.0,2692,26.71184355380378,30.458491125372124
Montana,2018,168791.0,27723.0,35603.0,788,16.424453910457313,21.092949268622142
Nebraska,2018,266105.0,120712.0,131202.0,1049,45.36254486011161,49.304597809135494
Nevada,2018,273913.0,81989.0,90099.0,811,29.932496814682032,32.893290935443005
New Hampshire,2018,225512.0,74808.0,83828.0,902,33.17251410124517,37.17230125226152
New Jersey,2018,1047848.0,377814.0,401664.0,2385,36.05618372130309,38.33227720051
New Mexico,2018,231511.0,33079.0,43889.0,1081,14.28830595522459,18.957630522955714
New York,2018,1755640.0,528521.0,578501.0,4998,30.10417853318448,32.95100362261056
North Carolina,2018,1161335.0,449615.0,498865.0,4925,38.715357756375205,42.95616682524853
North Dakota,2018,96376.0,7730.0,12500.0,477,8.020669046235577,12.970034033369304
Ohio,2018,1180107.0,427389.0,464169.0,3678,36.21612277530766,39.33278931486721
Oklahoma,2018,531805.0,139311.0,155521.0,1621,26.19588006882222,29.243989808294394
Oregon,2018,396895.0,15533.0,28373.0,1284,3.913629549377039,7.148742110633795
Pennsylvania,2018,1360968.0,521951.0,562201.0,4025,38.35145278948513,41.30890660177168
Rhode Island,2018,94086.0,28682.0,31962.0,328,30.48487553940012,33.97104776481092
South Carolina,2018,697120.0,298615.0,326635.0,2802,42.83552329584577,46.85491737434014
South Dakota,2018,125090.0,31602.0,42732.0,1113,25.26341034455192,34.16100407706451
Tennessee,2018,736308.0,219527.0,252767.0,3324,29.814561297717802,34.32897646093754
Texas,2018,2152365.0,648197.0,729097.0,8090,30.115570546817107,33.874226722698054
Utah,2018,210544.0,84702.0,90792.0,609,40.23007067406338,43.122577703472906
Vermont,2018,118996.0,1289.0,6889.0,560,1.0832296883928871,5.789270227570674
Virginia,2018,1046853.0,298571.0,342831.0,4426,28.52081428815698,32.74872403288714
Washington,2018,785400.0,181194.0,200004.0,1881,23.070282658517954,25.46524064171123
West Virginia,2018,276812.0,64619.0,77319.0,1270,23.34400242764042,27.931953817031054
Wisconsin,2018,608339.0,133052.0,154752.0,2170,21.87135791063864,25.43844797062164
Wyoming,2018,96156.0,3616.0,9866.0,625,3.7605557635508964,10.260410166812264
Alabama,2019,534585.0,134110.0,153230.0,1912,25.086749534685783,28.663355687121786
Alaska,2019,88343.0,6004.0,11774.0,577,6.79623739288908,13.327598111904734
Arizona,2019,681997.0,211969.0,226569.0,1460,31.080635252061224,33.221407132289436
Arkansas,2019,429494.0,154748.0,169528.0,1478,36.03030542917945,39.471564212771305
California,2019,2855978.0,347571.0,388641.0,4107,12.169946687264398,13.607982974658768
Colorado,2019,451034.0,68867.0,91867.0,2300,15.268693712669112,20.368087549940803
Connecticut,2019,332304.0,156248.0,164268.0,802,47.01959651403534,49.43304925610285
Delaware,2019,161453.0,82049.0,86219.0,417,50.819123831703344,53.40191882467344
District of Columbia,2019,58445.0,7932.0,9812.0,188,13.57173410899136,16.7884335700231
Florida,2019,2181847.0,764580.0,858000.0,9342,35.04278714318649,39.324480589152216
Georgia,2019,908154.0,346311.0,391171.0,4486,38.13351039581393,43.07320124119918
Hawaii,2019,110608.0,74.0,3124.0,305,0.06690293649645596,2.8243888326341673
Idaho,2019,198876.0,56081.0,63801.0,772,28.198978257808886,32.080794062631995
Illinois,2019,1426828.0,634768.0,666078.0,3131,44.48805322014987,46.68243123908418
Indiana,2019,777404.0,265459.0,293099.0,2764,34.14685285900253,37.702275779388835
Iowa,2019,450594.0,119049.0,134199.0,1515,26.420458328339926,29.782686853353574
Kansas,2019,400112.0,135367.0,148107.0,1274,33.832276962450514,37.01638541208462
Kentucky,2019,550717.0,165768.0,186648.0,2088,30.10039639233944,33.891817394414915
Louisiana,2019,474144.0,113066.0,126126.0,1306,23.846342039549167,26.60077951002227
Maine,2019,192176.0,100229.0,109109.0,888,52.15479560402964,56.775559903421865
Maryland,2019,783221.0,135119.0,154059.0,1894,17.251708010893477,19.66992713423159
Massachusetts,2019,864404.0,160988.0,175098.0,1411,18.62416185024595,20.25650043266806
Michigan,2019,1079571.0,393615.0,434165.0,4055,36.460316181149736,40.21643782576597
Minnesota,2019,481200.0,73805.0,89265.0,1546,15.337697423108894,18.550498753117207
Mississippi,2019,449193.0,190587.0,204817.0,1423,42.42875556831918,45.596658897177825
Missouri,2019,688601.0,198934.0,223244.0,2431,28.88958918154345,32.4199354923969
Montana,2019,172533.0,32736.0,40816.0,808,18.973761541270367,23.65692360302087
Nebraska,2019,264638.0,117570.0,126710.0,914,44.42672632048308,47.88050091067798
Nevada,2019,275807.0,83613.0,91003.0,739,30.315764284445283,32.99517416164202
New Hampshire,2019,214914.0,51317.0,59427.0,811,23.87792326232819,27.651525726569698
New Jersey,2019,957113.0,330728.0,352658.0,2193,34.5547495436798,36.84601504733506
New Mexico,2019,230484.0,34170.0,44500.0,1033,14.825324100588327,19.307197028861005
New York,2019,1741839.0,521195.0,568215.0,4702,29.922111056188317,32.621556871788954
North Carolina,2019,1137491.0,456716.0,503196.0,4648,40.15117482248211,44.23736099890021
North Dakota,2019,98296.0,9351.0,13921.0,457,9.513103279889314,14.162326035647432
Ohio,2019,1159406.0,414105.0,448815.0,3471,35.716996461981395,38.710770860250854
Oklahoma,2019,521189.0,159446.0,175026.0,1558,30.592740829142596,33.5820594832201
Oregon,2019,405865.0,28784.0,40764.0,1198,7.092013354194129,10.043733753834402
Pennsylvania,2019,1350464.0,556350.0,594420.0,3807,41.19695156627648,44.01598265485048
Rhode Island,2019,94595.0,29744.0,32984.0,324,31.443522384904064,34.868650562926156
South Carolina,2019,693025.0,282090.0,309050.0,2696,40.7041593016125,44.59435085314382
South Dakota,2019,127167.0,36066.0,45846.0,978,28.3611314256057,36.051805893038285
Tennessee,2019,725820.0,202140.0,236460.0,3432,27.849880135570803,32.57832520459618
Texas,2019,2147279.0,614703.0,688463.0,7376,28.6270670928184,32.06211209628558
Utah,2019,213274.0,84279.0,90059.0,578,39.51677185217139,42.22690060673125
Vermont,2019,119320.0,416.0,6016.0,560,0.3486423064029501,5.04190412336574
Virginia,2019,1041012.0,304583.0,346263.0,4168,29.258356291762247,33.26215259766458
Washington,2019,782986.0,197512.0,214202.0,1669,25.22548295882685,27.35706640987195
West Virginia,2019,265344.0,100138.0,110878.0,1074,37.738935118186205,41.78651109503136
Wisconsin,2019,595978.0,104822.0,125392.0,2057,17.58823312269916,21.039702807821765
Wyoming,2019,98890.0,4306.0,10476.0,617,4.354333097380929,10.593588836080494
