year,fipstate,estab,emp
2014,01,3068,34859
2014,02,535,5265
2014,04,5067,42647
2014,05,1932,19223
2014,06,31825,280116
2014,08,3317,33612
2014,09,2687,30776
2014,10,705,9611
2014,11,458,5564
2014,12,19547,170524
2014,13,7408,76157
2014,15,1158,7264
2014,16,1057,8065
2014,17,8242,88435
2014,18,3362,43775
2014,19,1268,21304
2014,20,1405,21192
2014,21,3003,34228
2014,22,3557,34321
2014,23,693,9631
2014,24,4708,49044
2014,25,3623,57548
2014,26,6887,71826
2014,27,1511,38320
2014,28,1642,18657
2014,29,3388,37597
2014,30,504,6155
2014,31,1014,14207
2014,32,2247,16196
2014,33,731,8702
2014,34,8731,73902
2014,35,1056,10373
2014,36,16354,140405
2014,37,5121,65669
2014,38,230,5435
2014,39,6881,92802
2014,40,2586,21079
2014,41,2358,32082
2014,42,8964,123464
2014,44,788,7827
2014,45,2433,28236
2014,46,264,4688
2014,47,4486,59844
2014,48,20094,182095
2014,49,1953,18191
2014,50,352,4431
2014,51,5044,60575
2014,53,3280,44872
2014,54,1216,12066
2014,55,2317,45637
2014,56,374,2879
2016,01,3013,36142
2016,02,587,5345
2016,04,5164,50124
2016,05,1946,19988
2016,06,32207,303995
2016,08,3324,34139
2016,09,2775,34161
2016,10,708,9243
2016,11,434,6344
2016,12,20113,188569
2016,13,7511,86330
2016,15,1161,7667
2016,16,1090,8335
2016,17,7948,93674
2016,18,3953,58397
2016,19,1297,22147
2016,20,1509,21167
2016,21,3013,36674
2016,22,3680,36225
2016,23,659,10665
2016,24,4559,52340
2016,25,3516,61866
2016,26,6836,82695
2016,27,1609,39362
2016,28,1649,19286
2016,29,3559,45820
2016,30,499,7621
2016,31,1023,14148
2016,32,2346,18187
2016,33,735,8997
2016,34,8533,77679
2016,35,1059,10703
2016,36,15662,143515
2016,37,5218,67113
2016,38,226,5838
2016,39,6890,100874
2016,40,2674,23878
2016,41,2426,35105
2016,42,9111,123594
2016,44,735,7952
2016,45,2453,30524
2016,46,256,5097
2016,47,4581,65059
2016,48,21617,209363
2016,49,1974,19187
2016,50,319,4328
2016,51,5245,63727
2016,53,3474,58654
2016,54,1148,12060
2016,55,2440,49002
2016,56,376,2790
2018,01,2884,36047
2018,02,531,5093
2018,04,5211,49431
2018,05,2007,19992
2018,06,31881,219370
2018,08,3229,32996
2018,09,2834,36504
2018,10,685,9211
2018,11,441,6863
2018,12,20240,196987
2018,13,7539,91461
2018,15,1112,6670
2018,16,1231,13584
2018,17,7755,92017
2018,18,4142,67717
2018,19,1147,20288
2018,20,1434,20729
2018,21,2846,36495
2018,22,3654,37437
2018,23,599,10116
2018,24,4425,52024
2018,25,3327,59800
2018,26,6663,86489
2018,27,1575,37731
2018,28,1612,19035
2018,29,3424,46571
2018,30,471,7585
2018,31,1022,15050
2018,32,2343,18541
2018,33,737,9730
2018,34,8365,81321
2018,35,1014,10087
2018,36,15210,145068
2018,37,5429,75210
2018,38,175,4714
2018,39,6580,102151
2018,40,2561,22574
2018,41,2339,29833
2018,42,8336,120277
2018,44,691,9417
2018,45,2456,32433
2018,46,268,5712
2018,47,4403,66794
2018,48,21979,200886
2018,49,2051,20449
2018,50,305,4775
2018,51,5230,67053
2018,53,3412,55120
2018,54,1061,11979
2018,55,2366,45381
2018,56,348,2772
2020,01,2808,37478
2020,02,516,5353
2020,04,5340,50078
2020,05,2163,22222
2020,06,32696,232451
2020,08,3182,32936
2020,09,3086,40264
2020,10,647,9565
2020,11,418,6524
2020,12,20908,213505
2020,13,7826,96967
2020,15,1054,7220
2020,16,1270,15503
2020,17,7732,100485
2020,18,3933,68440
2020,19,1160,21275
2020,20,1502,20803
2020,21,2921,38312
2020,22,3576,38692
2020,23,581,10651
2020,24,4349,53512
2020,25,3268,59979
2020,26,7025,92390
2020,27,1639,37780
2020,28,1587,18571
2020,29,3392,46051
2020,30,466,8033
2020,31,1026,16367
2020,32,2557,20987
2020,33,750,9491
2020,34,8526,84025
2020,35,973,10434
2020,36,14564,143875
2020,37,5576,83440
2020,38,180,4777
2020,39,6442,109001
2020,40,2542,23076
2020,41,2340,31189
2020,42,8154,124714
2020,44,627,9044
2020,45,2651,34962
2020,46,333,6747
2020,47,4501,70743
2020,48,22489,213989
2020,49,2195,21700
2020,50,299,5514
2020,51,5272,71776
2020,53,3402,56394
2020,54,1018,15330
2020,55,2777,51521
2020,56,344,2714
2022,01,2704,38005
2022,02,464,5184
2022,04,5035,51464
2022,05,1929,22794
2022,06,30594,235903
2022,08,3098,37518
2022,09,2946,41223
2022,10,600,9303
2022,11,389,4827
2022,12,20294,227639
2022,13,7400,100352
2022,15,962,7177
2022,16,1187,15685
2022,17,7204,104050
2022,18,3537,64694
2022,19,1061,22219
2022,20,1439,20057
2022,21,2739,39051
2022,22,3187,36426
2022,23,523,9820
2022,24,4005,50612
2022,25,2861,55023
2022,26,6672,87682
2022,27,1546,37392
2022,28,1453,17979
2022,29,3249,41549
2022,30,415,8602
2022,31,848,15160
2022,32,2544,20630
2022,33,687,9697
2022,34,7731,83302
2022,35,881,9966
2022,36,13371,142957
2022,37,5245,94613
2022,38,168,5274
2022,39,5874,108372
2022,40,2354,21931
2022,41,2061,32195
2022,42,7862,137031
2022,44,586,9010
2022,45,2528,35981
2022,46,332,6905
2022,47,4318,74727
2022,48,21555,215514
2022,49,2086,22460
2022,50,276,5177
2022,51,4915,71085
2022,53,3034,59691
2022,54,882,13888
2022,55,2805,52846
2022,56,320,2945
2023,01,2783,39416
2023,02,462,5221
2023,04,5309,54888
2023,05,1991,23143
2023,06,31778,241978
2023,08,3359,38332
2023,09,2826,51422
2023,10,624,9719
2023,11,382,4888
2023,12,21322,238618
2023,13,7590,100968
2023,15,934,7943
2023,16,1196,12415
2023,17,7503,109540
2023,18,3607,71294
2023,19,1099,23460
2023,20,1531,21203
2023,21,2833,40637
2023,22,3156,37209
2023,23,534,10086
2023,24,4091,52191
2023,25,2882,58753
2023,26,6747,92800
2023,27,1653,39842
2023,28,1514,19028
2023,29,3248,42523
2023,30,508,10105
2023,31,855,14975
2023,32,2688,22112
2023,33,714,10175
2023,34,7756,82376
2023,35,900,10066
2023,36,13386,154739
2023,37,5476,99859
2023,38,181,5278
2023,39,5838,109120
2023,40,2492,22696
2023,41,2175,31825
2023,42,8257,143556
2023,44,559,9130
2023,45,2639,39615
2023,46,341,7515
2023,47,4471,83537
2023,48,22601,222179
2023,49,2215,24129
2023,50,261,4885
2023,51,5133,74587
2023,53,3154,61358
2023,54,948,14061
2023,55,3227,63790
2023,56,337,2750
