geoid,name,intent,period,count_sup,rate,data_as_of,ttm_date_range
01,Alabama,All_Suicide,2019,804,16.4,2026-06-22T00:00:00.000,
01,Alabama,All_Suicide,2020,793,15.8,2026-06-22T00:00:00.000,
01,Alabama,All_Suicide,2021,827,16.4,2026-06-22T00:00:00.000,
01,Alabama,All_Suicide,2022,840,16.6,2026-06-22T00:00:00.000,
01,Alabama,All_Suicide,2023,869,17.0,2026-06-22T00:00:00.000,
01,Alabama,All_Suicide,2024,837,16.4,2026-06-22T00:00:00.000,
01,Alabama,All_Suicide,TTM,859,16.8,2026-06-22T00:00:00.000,"February, 2025 to January, 2026"
02,Alaska,All_Suicide,2019,210,28.7,2026-06-22T00:00:00.000,
02,Alaska,All_Suicide,2020,204,27.8,2026-06-22T00:00:00.000,
02,Alaska,All_Suicide,2021,220,29.9,2026-06-22T00:00:00.000,
02,Alaska,All_Suicide,2022,200,27.3,2026-06-22T00:00:00.000,
02,Alaska,All_Suicide,2023,206,28.1,2026-06-22T00:00:00.000,
02,Alaska,All_Suicide,2024,222,30.3,2026-06-22T00:00:00.000,
02,Alaska,All_Suicide,TTM,225,30.7,2026-06-22T00:00:00.000,"February, 2025 to January, 2026"
04,Arizona,All_Suicide,2019,1419,19.5,2026-06-22T00:00:00.000,
04,Arizona,All_Suicide,2021,1475,20.3,2026-06-22T00:00:00.000,
04,Arizona,All_Suicide,2022,1603,21.8,2026-06-22T00:00:00.000,
04,Arizona,All_Suicide,2023,1506,20.3,2026-06-22T00:00:00.000,
04,Arizona,All_Suicide,2024,1516,20.4,2026-06-22T00:00:00.000,
04,Arizona,All_Suicide,2020,1363,19.0,2026-06-22T00:00:00.000,
04,Arizona,All_Suicide,TTM,1530,20.6,2026-06-22T00:00:00.000,"February, 2025 to January, 2026"
05,Arkansas,All_Suicide,2019,548,18.2,2026-06-22T00:00:00.000,
05,Arkansas,All_Suicide,2020,583,19.3,2026-06-22T00:00:00.000,
05,Arkansas,All_Suicide,2021,618,20.4,2026-06-22T00:00:00.000,
05,Arkansas,All_Suicide,2022,547,18.0,2026-06-22T00:00:00.000,
05,Arkansas,All_Suicide,2023,626,20.4,2026-06-22T00:00:00.000,
05,Arkansas,All_Suicide,2024,592,19.3,2026-06-22T00:00:00.000,
05,Arkansas,All_Suicide,TTM,571,18.6,2026-06-22T00:00:00.000,"February, 2025 to January, 2026"
06,California,All_Suicide,2019,4436,11.2,2026-06-22T00:00:00.000,
06,California,All_Suicide,2020,4144,10.5,2026-06-22T00:00:00.000,
06,California,All_Suicide,2021,4148,10.6,2026-06-22T00:00:00.000,
06,California,All_Suicide,2022,4312,11.0,2026-06-22T00:00:00.000,
06,California,All_Suicide,2023,4200,10.8,2026-06-22T00:00:00.000,
06,California,All_Suicide,2024,4022,10.3,2026-06-22T00:00:00.000,
06,California,All_Suicide,TTM,3884,10.0,2026-06-22T00:00:00.000,"February, 2025 to January, 2026"
08,Colorado,All_Suicide,2019,1312,22.8,2026-06-22T00:00:00.000,
08,Colorado,All_Suicide,2020,1302,22.5,2026-06-22T00:00:00.000,
08,Colorado,All_Suicide,2021,1384,23.8,2026-06-22T00:00:00.000,
08,Colorado,All_Suicide,2022,1293,22.1,2026-06-22T00:00:00.000,
08,Colorado,All_Suicide,2023,1297,22.1,2026-06-22T00:00:00.000,
08,Colorado,All_Suicide,2024,1313,22.3,2026-06-22T00:00:00.000,
08,Colorado,All_Suicide,TTM,1311,22.3,2026-06-22T00:00:00.000,"February, 2025 to January, 2026"
09,Connecticut,All_Suicide,2019,435,12.2,2026-06-22T00:00:00.000,
09,Connecticut,All_Suicide,2020,364,10.2,2026-06-22T00:00:00.000,
09,Connecticut,All_Suicide,2021,401,11.1,2026-06-22T00:00:00.000,
09,Connecticut,All_Suicide,2022,398,11.0,2026-06-22T00:00:00.000,
09,Connecticut,All_Suicide,2023,356,9.8,2026-06-22T00:00:00.000,
09,Connecticut,All_Suicide,2024,394,10.9,2026-06-22T00:00:00.000,
09,Connecticut,All_Suicide,TTM,343,9.5,2026-06-22T00:00:00.000,"February, 2025 to January, 2026"
10,Delaware,All_Suicide,2019,111,11.4,2026-06-22T00:00:00.000,
10,Delaware,All_Suicide,2020,124,12.5,2026-06-22T00:00:00.000,
10,Delaware,All_Suicide,2021,137,13.6,2026-06-22T00:00:00.000,
10,Delaware,All_Suicide,2022,130,12.8,2026-06-22T00:00:00.000,
10,Delaware,All_Suicide,2023,144,14.0,2026-06-22T00:00:00.000,
10,Delaware,All_Suicide,2024,125,12.1,2026-06-22T00:00:00.000,
10,Delaware,All_Suicide,TTM,126,12.2,2026-06-22T00:00:00.000,"February, 2025 to January, 2026"
11,District of Columbia,All_Suicide,2019,44,6.2,2026-06-22T00:00:00.000,
11,District of Columbia,All_Suicide,2020,38,5.7,2026-06-22T00:00:00.000,
11,District of Columbia,All_Suicide,2021,46,6.9,2026-06-22T00:00:00.000,
11,District of Columbia,All_Suicide,2022,44,6.6,2026-06-22T00:00:00.000,
11,District of Columbia,All_Suicide,2023,41,6.0,2026-06-22T00:00:00.000,
11,District of Columbia,All_Suicide,2024,44,6.5,2026-06-22T00:00:00.000,
11,District of Columbia,All_Suicide,TTM,39,5.7,2026-06-22T00:00:00.000,"February, 2025 to January, 2026"
12,Florida,All_Suicide,2019,3465,16.1,2026-06-22T00:00:00.000,
12,Florida,All_Suicide,2020,3135,14.5,2026-06-22T00:00:00.000,
12,Florida,All_Suicide,2021,3351,15.3,2026-06-22T00:00:00.000,
12,Florida,All_Suicide,2022,3446,15.5,2026-06-22T00:00:00.000,
12,Florida,All_Suicide,2023,3620,16.0,2026-06-22T00:00:00.000,
12,Florida,All_Suicide,2024,3633,16.1,2026-06-22T00:00:00.000,
12,Florida,All_Suicide,TTM,3576,15.8,2026-06-22T00:00:00.000,"February, 2025 to January, 2026"
13,Georgia,All_Suicide,2019,1585,14.9,2026-06-22T00:00:00.000,
13,Georgia,All_Suicide,2020,1491,13.9,2026-06-22T00:00:00.000,
13,Georgia,All_Suicide,2021,1676,15.5,2026-06-22T00:00:00.000,
13,Georgia,All_Suicide,2022,1624,14.9,2026-06-22T00:00:00.000,
13,Georgia,All_Suicide,2023,1670,15.1,2026-06-22T00:00:00.000,
13,Georgia,All_Suicide,2024,1648,14.9,2026-06-22T00:00:00.000,
13,Georgia,All_Suicide,TTM,1659,15.0,2026-06-22T00:00:00.000,"February, 2025 to January, 2026"
15,Hawaii,All_Suicide,2019,224,15.8,2026-06-22T00:00:00.000,
15,Hawaii,All_Suicide,2020,184,12.7,2026-06-22T00:00:00.000,
15,Hawaii,All_Suicide,2021,202,14.0,2026-06-22T00:00:00.000,
15,Hawaii,All_Suicide,2022,246,17.1,2026-06-22T00:00:00.000,
15,Hawaii,All_Suicide,2023,223,15.5,2026-06-22T00:00:00.000,
15,Hawaii,All_Suicide,2024,200,13.9,2026-06-22T00:00:00.000,
15,Hawaii,All_Suicide,TTM,191,13.3,2026-06-22T00:00:00.000,"February, 2025 to January, 2026"
16,Idaho,All_Suicide,2019,365,20.4,2026-06-22T00:00:00.000,
16,Idaho,All_Suicide,2020,419,22.7,2026-06-22T00:00:00.000,
16,Idaho,All_Suicide,2021,387,20.3,2026-06-22T00:00:00.000,
16,Idaho,All_Suicide,2022,444,22.9,2026-06-22T00:00:00.000,
16,Idaho,All_Suicide,2023,460,23.4,2026-06-22T00:00:00.000,
16,Idaho,All_Suicide,2024,437,22.2,2026-06-22T00:00:00.000,
16,Idaho,All_Suicide,TTM,426,21.7,2026-06-22T00:00:00.000,"February, 2025 to January, 2026"
17,Illinois,All_Suicide,2019,1439,11.4,2026-06-22T00:00:00.000,
17,Illinois,All_Suicide,2020,1362,10.6,2026-06-22T00:00:00.000,
17,Illinois,All_Suicide,2021,1454,11.5,2026-06-22T00:00:00.000,
17,Illinois,All_Suicide,2022,1533,12.2,2026-06-22T00:00:00.000,
17,Illinois,All_Suicide,2023,1567,12.5,2026-06-22T00:00:00.000,
17,Illinois,All_Suicide,2024,1426,11.4,2026-06-22T00:00:00.000,
17,Illinois,All_Suicide,TTM,1478,11.8,2026-06-22T00:00:00.000,"February, 2025 to January, 2026"
18,Indiana,All_Suicide,2019,972,14.4,2026-06-22T00:00:00.000,
18,Indiana,All_Suicide,2020,1024,15.1,2026-06-22T00:00:00.000,
18,Indiana,All_Suicide,2021,1129,16.6,2026-06-22T00:00:00.000,
18,Indiana,All_Suicide,2022,1152,16.9,2026-06-22T00:00:00.000,
18,Indiana,All_Suicide,2023,1187,17.3,2026-06-22T00:00:00.000,
18,Indiana,All_Suicide,2024,1175,17.1,2026-06-22T00:00:00.000,
18,Indiana,All_Suicide,TTM,1113,16.2,2026-06-22T00:00:00.000,"February, 2025 to January, 2026"
19,Iowa,All_Suicide,2019,528,16.7,2026-06-22T00:00:00.000,
19,Iowa,All_Suicide,2020,552,17.3,2026-06-22T00:00:00.000,
19,Iowa,All_Suicide,2021,549,17.2,2026-06-22T00:00:00.000,
19,Iowa,All_Suicide,2022,590,18.4,2026-06-22T00:00:00.000,
19,Iowa,All_Suicide,2023,504,15.7,2026-06-22T00:00:00.000,
19,Iowa,All_Suicide,2024,548,17.1,2026-06-22T00:00:00.000,
19,Iowa,All_Suicide,TTM,557,17.4,2026-06-22T00:00:00.000,"February, 2025 to January, 2026"
20,Kansas,All_Suicide,2019,523,18.0,2026-06-22T00:00:00.000,
20,Kansas,All_Suicide,2020,531,18.1,2026-06-22T00:00:00.000,
20,Kansas,All_Suicide,2021,560,19.1,2026-06-22T00:00:00.000,
20,Kansas,All_Suicide,2022,596,20.3,2026-06-22T00:00:00.000,
20,Kansas,All_Suicide,2023,569,19.4,2026-06-22T00:00:00.000,
20,Kansas,All_Suicide,2024,527,17.9,2026-06-22T00:00:00.000,
20,Kansas,All_Suicide,TTM,545,18.5,2026-06-22T00:00:00.000,"February, 2025 to January, 2026"
21,Kentucky,All_Suicide,2019,756,16.9,2026-06-22T00:00:00.000,
21,Kentucky,All_Suicide,2020,801,17.8,2026-06-22T00:00:00.000,
21,Kentucky,All_Suicide,2021,816,18.1,2026-06-22T00:00:00.000,
21,Kentucky,All_Suicide,2022,823,18.2,2026-06-22T00:00:00.000,
21,Kentucky,All_Suicide,2023,813,18.0,2026-06-22T00:00:00.000,
21,Kentucky,All_Suicide,2024,844,18.6,2026-06-22T00:00:00.000,
21,Kentucky,All_Suicide,TTM,856,18.9,2026-06-22T00:00:00.000,"February, 2025 to January, 2026"
22,Louisiana,All_Suicide,2019,704,15.1,2026-06-22T00:00:00.000,
22,Louisiana,All_Suicide,2020,642,13.8,2026-06-22T00:00:00.000,
22,Louisiana,All_Suicide,2021,689,14.9,2026-06-22T00:00:00.000,
22,Louisiana,All_Suicide,2022,726,15.8,2026-06-22T00:00:00.000,
22,Louisiana,All_Suicide,2023,719,15.7,2026-06-22T00:00:00.000,
22,Louisiana,All_Suicide,2024,654,14.3,2026-06-22T00:00:00.000,
22,Louisiana,All_Suicide,TTM,681,14.9,2026-06-22T00:00:00.000,"February, 2025 to January, 2026"
23,Maine,All_Suicide,2019,276,20.5,2026-06-22T00:00:00.000,
23,Maine,All_Suicide,2020,234,17.1,2026-06-22T00:00:00.000,
23,Maine,All_Suicide,2021,277,20.1,2026-06-22T00:00:00.000,
23,Maine,All_Suicide,2022,268,19.3,2026-06-22T00:00:00.000,
23,Maine,All_Suicide,2023,274,19.6,2026-06-22T00:00:00.000,
23,Maine,All_Suicide,2024,285,20.4,2026-06-22T00:00:00.000,
23,Maine,All_Suicide,TTM,249,17.8,2026-06-22T00:00:00.000,"February, 2025 to January, 2026"
24,Maryland,All_Suicide,2019,657,10.9,2026-06-22T00:00:00.000,
24,Maryland,All_Suicide,2020,585,9.5,2026-06-22T00:00:00.000,
24,Maryland,All_Suicide,2021,620,10.0,2026-06-22T00:00:00.000,
24,Maryland,All_Suicide,2022,608,9.9,2026-06-22T00:00:00.000,
24,Maryland,All_Suicide,2023,599,9.7,2026-06-22T00:00:00.000,
24,Maryland,All_Suicide,2024,630,10.2,2026-06-22T00:00:00.000,
24,Maryland,All_Suicide,TTM,660,10.7,2026-06-22T00:00:00.000,"February, 2025 to January, 2026"
25,Massachusetts,All_Suicide,2019,647,9.4,2026-06-22T00:00:00.000,
25,Massachusetts,All_Suicide,2020,618,8.8,2026-06-22T00:00:00.000,
25,Massachusetts,All_Suicide,2021,604,8.6,2026-06-22T00:00:00.000,
25,Massachusetts,All_Suicide,2022,626,9.0,2026-06-22T00:00:00.000,
25,Massachusetts,All_Suicide,2023,658,9.4,2026-06-22T00:00:00.000,
25,Massachusetts,All_Suicide,2024,648,9.3,2026-06-22T00:00:00.000,
25,Massachusetts,All_Suicide,TTM,599,8.6,2026-06-22T00:00:00.000,"February, 2025 to January, 2026"
26,Michigan,All_Suicide,2019,1472,14.7,2026-06-22T00:00:00.000,
26,Michigan,All_Suicide,2020,1444,14.3,2026-06-22T00:00:00.000,
26,Michigan,All_Suicide,2021,1485,14.8,2026-06-22T00:00:00.000,
26,Michigan,All_Suicide,2022,1503,15.0,2026-06-22T00:00:00.000,
26,Michigan,All_Suicide,2023,1529,15.2,2026-06-22T00:00:00.000,
26,Michigan,All_Suicide,2024,1448,14.4,2026-06-22T00:00:00.000,
26,Michigan,All_Suicide,TTM,1415,14.1,2026-06-22T00:00:00.000,"February, 2025 to January, 2026"
27,Minnesota,All_Suicide,2019,830,14.7,2026-06-22T00:00:00.000,
27,Minnesota,All_Suicide,2020,758,13.3,2026-06-22T00:00:00.000,
27,Minnesota,All_Suicide,2021,808,14.1,2026-06-22T00:00:00.000,
27,Minnesota,All_Suicide,2022,860,15.0,2026-06-22T00:00:00.000,
27,Minnesota,All_Suicide,2023,812,14.2,2026-06-22T00:00:00.000,
27,Minnesota,All_Suicide,2024,818,14.3,2026-06-22T00:00:00.000,
27,Minnesota,All_Suicide,TTM,841,14.7,2026-06-22T00:00:00.000,"February, 2025 to January, 2026"
28,Mississippi,All_Suicide,2019,436,14.6,2026-06-22T00:00:00.000,
28,Mississippi,All_Suicide,2020,410,13.9,2026-06-22T00:00:00.000,
28,Mississippi,All_Suicide,2021,480,16.3,2026-06-22T00:00:00.000,
28,Mississippi,All_Suicide,2022,417,14.2,2026-06-22T00:00:00.000,
28,Mississippi,All_Suicide,2023,457,15.5,2026-06-22T00:00:00.000,
28,Mississippi,All_Suicide,2024,450,15.3,2026-06-22T00:00:00.000,
28,Mississippi,All_Suicide,TTM,477,16.2,2026-06-22T00:00:00.000,"February, 2025 to January, 2026"
29,Missouri,All_Suicide,2019,1141,18.6,2026-06-22T00:00:00.000,
29,Missouri,All_Suicide,2020,1125,18.3,2026-06-22T00:00:00.000,
29,Missouri,All_Suicide,2021,1177,19.1,2026-06-22T00:00:00.000,
29,Missouri,All_Suicide,2022,1219,19.7,2026-06-22T00:00:00.000,
29,Missouri,All_Suicide,2023,1143,18.4,2026-06-22T00:00:00.000,
29,Missouri,All_Suicide,2024,1152,18.6,2026-06-22T00:00:00.000,
29,Missouri,All_Suicide,TTM,1187,19.2,2026-06-22T00:00:00.000,"February, 2025 to January, 2026"
30,Montana,All_Suicide,2019,289,27.0,2026-06-22T00:00:00.000,
30,Montana,All_Suicide,2020,300,27.6,2026-06-22T00:00:00.000,
30,Montana,All_Suicide,2021,350,31.6,2026-06-22T00:00:00.000,
30,Montana,All_Suicide,2022,329,29.3,2026-06-22T00:00:00.000,
30,Montana,All_Suicide,2023,310,27.4,2026-06-22T00:00:00.000,
30,Montana,All_Suicide,2024,320,28.2,2026-06-22T00:00:00.000,
30,Montana,All_Suicide,TTM,344,30.4,2026-06-22T00:00:00.000,"February, 2025 to January, 2026"
31,Nebraska,All_Suicide,2019,309,16.0,2026-06-22T00:00:00.000,
31,Nebraska,All_Suicide,2020,283,14.4,2026-06-22T00:00:00.000,
31,Nebraska,All_Suicide,2021,288,14.7,2026-06-22T00:00:00.000,
31,Nebraska,All_Suicide,2022,306,15.5,2026-06-22T00:00:00.000,
31,Nebraska,All_Suicide,2023,284,14.4,2026-06-22T00:00:00.000,
31,Nebraska,All_Suicide,2024,297,15.0,2026-06-22T00:00:00.000,
31,Nebraska,All_Suicide,TTM,329,16.6,2026-06-22T00:00:00.000,"February, 2025 to January, 2026"
32,Nevada,All_Suicide,2019,642,20.8,2026-06-22T00:00:00.000,
32,Nevada,All_Suicide,2020,603,19.4,2026-06-22T00:00:00.000,
32,Nevada,All_Suicide,2021,691,22.0,2026-06-22T00:00:00.000,
32,Nevada,All_Suicide,2022,698,22.0,2026-06-22T00:00:00.000,
32,Nevada,All_Suicide,2023,690,21.6,2026-06-22T00:00:00.000,
32,Nevada,All_Suicide,2024,676,21.2,2026-06-22T00:00:00.000,
32,Nevada,All_Suicide,TTM,631,19.8,2026-06-22T00:00:00.000,"February, 2025 to January, 2026"
33,New Hampshire,All_Suicide,2019,255,18.8,2026-06-22T00:00:00.000,
33,New Hampshire,All_Suicide,2020,234,17.0,2026-06-22T00:00:00.000,
33,New Hampshire,All_Suicide,2021,223,16.1,2026-06-22T00:00:00.000,
33,New Hampshire,All_Suicide,2022,247,17.7,2026-06-22T00:00:00.000,
33,New Hampshire,All_Suicide,2023,221,15.8,2026-06-22T00:00:00.000,
33,New Hampshire,All_Suicide,2024,248,17.7,2026-06-22T00:00:00.000,
33,New Hampshire,All_Suicide,TTM,249,17.8,2026-06-22T00:00:00.000,"February, 2025 to January, 2026"
34,New Jersey,All_Suicide,2019,762,8.6,2026-06-22T00:00:00.000,
34,New Jersey,All_Suicide,2020,679,7.3,2026-06-22T00:00:00.000,
34,New Jersey,All_Suicide,2021,688,7.4,2026-06-22T00:00:00.000,
34,New Jersey,All_Suicide,2022,769,8.3,2026-06-22T00:00:00.000,
34,New Jersey,All_Suicide,2023,709,7.6,2026-06-22T00:00:00.000,
34,New Jersey,All_Suicide,2024,682,7.3,2026-06-22T00:00:00.000,
34,New Jersey,All_Suicide,TTM,733,7.9,2026-06-22T00:00:00.000,"February, 2025 to January, 2026"
35,New Mexico,All_Suicide,2019,513,24.5,2026-06-22T00:00:00.000,
35,New Mexico,All_Suicide,2020,516,24.4,2026-06-22T00:00:00.000,
35,New Mexico,All_Suicide,2021,533,25.2,2026-06-22T00:00:00.000,
35,New Mexico,All_Suicide,2022,525,24.8,2026-06-22T00:00:00.000,
35,New Mexico,All_Suicide,2023,489,23.1,2026-06-22T00:00:00.000,
35,New Mexico,All_Suicide,2024,532,25.2,2026-06-22T00:00:00.000,
35,New Mexico,All_Suicide,TTM,453,21.4,2026-06-22T00:00:00.000,"February, 2025 to January, 2026"
36,New York,All_Suicide,2019,1705,8.8,2026-06-22T00:00:00.000,
36,New York,All_Suicide,2020,1642,8.2,2026-06-22T00:00:00.000,
36,New York,All_Suicide,2021,1660,8.4,2026-06-22T00:00:00.000,
36,New York,All_Suicide,2022,1765,9.0,2026-06-22T00:00:00.000,
36,New York,All_Suicide,2023,1717,8.8,2026-06-22T00:00:00.000,
36,New York,All_Suicide,2024,1701,8.7,2026-06-22T00:00:00.000,
36,New York,All_Suicide,TTM,1663,8.5,2026-06-22T00:00:00.000,"February, 2025 to January, 2026"
37,North Carolina,All_Suicide,2019,1358,12.9,2026-06-22T00:00:00.000,
37,North Carolina,All_Suicide,2020,1441,13.8,2026-06-22T00:00:00.000,
37,North Carolina,All_Suicide,2021,1448,13.7,2026-06-22T00:00:00.000,
37,North Carolina,All_Suicide,2022,1614,15.1,2026-06-22T00:00:00.000,
37,North Carolina,All_Suicide,2023,1597,14.7,2026-06-22T00:00:00.000,
37,North Carolina,All_Suicide,2024,1620,15.0,2026-06-22T00:00:00.000,
37,North Carolina,All_Suicide,TTM,1589,14.7,2026-06-22T00:00:00.000,"February, 2025 to January, 2026"
38,North Dakota,All_Suicide,2019,136,17.8,2026-06-22T00:00:00.000,
38,North Dakota,All_Suicide,2020,135,17.3,2026-06-22T00:00:00.000,
38,North Dakota,All_Suicide,2021,156,20.1,2026-06-22T00:00:00.000,
38,North Dakota,All_Suicide,2022,169,21.7,2026-06-22T00:00:00.000,
38,North Dakota,All_Suicide,2023,142,18.1,2026-06-22T00:00:00.000,
38,North Dakota,All_Suicide,2024,145,18.5,2026-06-22T00:00:00.000,
38,North Dakota,All_Suicide,TTM,148,18.9,2026-06-22T00:00:00.000,"February, 2025 to January, 2026"
39,Ohio,All_Suicide,2019,1806,15.5,2026-06-22T00:00:00.000,
39,Ohio,All_Suicide,2020,1644,13.9,2026-06-22T00:00:00.000,
39,Ohio,All_Suicide,2021,1766,15.0,2026-06-22T00:00:00.000,
39,Ohio,All_Suicide,2022,1798,15.3,2026-06-22T00:00:00.000,
39,Ohio,All_Suicide,2023,1792,15.2,2026-06-22T00:00:00.000,
39,Ohio,All_Suicide,2024,1856,15.7,2026-06-22T00:00:00.000,
39,Ohio,All_Suicide,TTM,1779,15.1,2026-06-22T00:00:00.000,"February, 2025 to January, 2026"
40,Oklahoma,All_Suicide,2019,816,20.6,2026-06-22T00:00:00.000,
40,Oklahoma,All_Suicide,2020,869,21.9,2026-06-22T00:00:00.000,
40,Oklahoma,All_Suicide,2021,877,22.0,2026-06-22T00:00:00.000,
40,Oklahoma,All_Suicide,2022,857,21.3,2026-06-22T00:00:00.000,
40,Oklahoma,All_Suicide,2023,893,22.0,2026-06-22T00:00:00.000,
40,Oklahoma,All_Suicide,2024,868,21.4,2026-06-22T00:00:00.000,
40,Oklahoma,All_Suicide,TTM,789,19.5,2026-06-22T00:00:00.000,"February, 2025 to January, 2026"
41,Oregon,All_Suicide,2019,906,21.5,2026-06-22T00:00:00.000,
41,Oregon,All_Suicide,2020,833,19.6,2026-06-22T00:00:00.000,
41,Oregon,All_Suicide,2021,889,20.9,2026-06-22T00:00:00.000,
41,Oregon,All_Suicide,2022,883,20.8,2026-06-22T00:00:00.000,
41,Oregon,All_Suicide,2023,888,21.0,2026-06-22T00:00:00.000,
41,Oregon,All_Suicide,2024,941,22.2,2026-06-22T00:00:00.000,
41,Oregon,All_Suicide,TTM,875,20.7,2026-06-22T00:00:00.000,"February, 2025 to January, 2026"
42,Pennsylvania,All_Suicide,2019,1896,14.8,2026-06-22T00:00:00.000,
42,Pennsylvania,All_Suicide,2020,1694,13.0,2026-06-22T00:00:00.000,
42,Pennsylvania,All_Suicide,2021,1885,14.5,2026-06-22T00:00:00.000,
42,Pennsylvania,All_Suicide,2022,1955,15.1,2026-06-22T00:00:00.000,
42,Pennsylvania,All_Suicide,2023,1976,15.2,2026-06-22T00:00:00.000,
42,Pennsylvania,All_Suicide,2024,1845,14.2,2026-06-22T00:00:00.000,
42,Pennsylvania,All_Suicide,TTM,1862,14.4,2026-06-22T00:00:00.000,"February, 2025 to January, 2026"
44,Rhode Island,All_Suicide,2019,123,11.6,2026-06-22T00:00:00.000,
44,Rhode Island,All_Suicide,2020,94,8.6,2026-06-22T00:00:00.000,
44,Rhode Island,All_Suicide,2021,117,10.7,2026-06-22T00:00:00.000,
44,Rhode Island,All_Suicide,2022,126,11.5,2026-06-22T00:00:00.000,
44,Rhode Island,All_Suicide,2023,112,10.2,2026-06-22T00:00:00.000,
44,Rhode Island,All_Suicide,2024,105,9.6,2026-06-22T00:00:00.000,
44,Rhode Island,All_Suicide,TTM,112,10.2,2026-06-22T00:00:00.000,"February, 2025 to January, 2026"
45,South Carolina,All_Suicide,2019,852,16.5,2026-06-22T00:00:00.000,
45,South Carolina,All_Suicide,2020,868,16.9,2026-06-22T00:00:00.000,
45,South Carolina,All_Suicide,2021,802,15.4,2026-06-22T00:00:00.000,
45,South Carolina,All_Suicide,2022,853,16.1,2026-06-22T00:00:00.000,
45,South Carolina,All_Suicide,2023,818,15.2,2026-06-22T00:00:00.000,
45,South Carolina,All_Suicide,2024,904,16.8,2026-06-22T00:00:00.000,
45,South Carolina,All_Suicide,TTM,875,16.3,2026-06-22T00:00:00.000,"February, 2025 to January, 2026"
46,South Dakota,All_Suicide,2019,182,20.6,2026-06-22T00:00:00.000,
46,South Dakota,All_Suicide,2020,186,20.9,2026-06-22T00:00:00.000,
46,South Dakota,All_Suicide,2021,203,22.6,2026-06-22T00:00:00.000,
46,South Dakota,All_Suicide,2022,192,21.1,2026-06-22T00:00:00.000,
46,South Dakota,All_Suicide,2023,181,19.7,2026-06-22T00:00:00.000,
46,South Dakota,All_Suicide,2024,198,21.5,2026-06-22T00:00:00.000,
46,South Dakota,All_Suicide,TTM,227,24.7,2026-06-22T00:00:00.000,"February, 2025 to January, 2026"
47,Tennessee,All_Suicide,2019,1219,17.8,2026-06-22T00:00:00.000,
47,Tennessee,All_Suicide,2020,1220,17.6,2026-06-22T00:00:00.000,
47,Tennessee,All_Suicide,2021,1222,17.5,2026-06-22T00:00:00.000,
47,Tennessee,All_Suicide,2022,1245,17.7,2026-06-22T00:00:00.000,
47,Tennessee,All_Suicide,2023,1279,17.9,2026-06-22T00:00:00.000,
47,Tennessee,All_Suicide,2024,1229,17.2,2026-06-22T00:00:00.000,
47,Tennessee,All_Suicide,TTM,1298,18.2,2026-06-22T00:00:00.000,"February, 2025 to January, 2026"
48,Texas,All_Suicide,2019,3891,13.4,2026-06-22T00:00:00.000,
48,Texas,All_Suicide,2020,3924,13.4,2026-06-22T00:00:00.000,
48,Texas,All_Suicide,2021,4193,14.2,2026-06-22T00:00:00.000,
48,Texas,All_Suicide,2022,4368,14.5,2026-06-22T00:00:00.000,
48,Texas,All_Suicide,2023,4382,14.4,2026-06-22T00:00:00.000,
48,Texas,All_Suicide,2024,4490,14.7,2026-06-22T00:00:00.000,
48,Texas,All_Suicide,TTM,4377,14.3,2026-06-22T00:00:00.000,"February, 2025 to January, 2026"
49,Utah,All_Suicide,2019,654,20.4,2026-06-22T00:00:00.000,
49,Utah,All_Suicide,2020,651,19.8,2026-06-22T00:00:00.000,
49,Utah,All_Suicide,2021,643,19.3,2026-06-22T00:00:00.000,
49,Utah,All_Suicide,2022,718,21.2,2026-06-22T00:00:00.000,
49,Utah,All_Suicide,2023,706,20.7,2026-06-22T00:00:00.000,
49,Utah,All_Suicide,2024,665,19.5,2026-06-22T00:00:00.000,
49,Utah,All_Suicide,TTM,704,20.6,2026-06-22T00:00:00.000,"February, 2025 to January, 2026"
50,Vermont,All_Suicide,2019,110,17.6,2026-06-22T00:00:00.000,
50,Vermont,All_Suicide,2020,117,18.2,2026-06-22T00:00:00.000,
50,Vermont,All_Suicide,2021,142,21.9,2026-06-22T00:00:00.000,
50,Vermont,All_Suicide,2022,128,19.8,2026-06-22T00:00:00.000,
50,Vermont,All_Suicide,2023,125,19.3,2026-06-22T00:00:00.000,
50,Vermont,All_Suicide,2024,105,16.2,2026-06-22T00:00:00.000,
50,Vermont,All_Suicide,TTM,145,22.4,2026-06-22T00:00:00.000,"February, 2025 to January, 2026"
51,Virginia,All_Suicide,2019,1140,13.4,2026-06-22T00:00:00.000,
51,Virginia,All_Suicide,2020,1202,13.9,2026-06-22T00:00:00.000,
51,Virginia,All_Suicide,2021,1188,13.7,2026-06-22T00:00:00.000,
51,Virginia,All_Suicide,2022,1208,13.9,2026-06-22T00:00:00.000,
51,Virginia,All_Suicide,2023,1243,14.3,2026-06-22T00:00:00.000,
51,Virginia,All_Suicide,2024,1196,13.7,2026-06-22T00:00:00.000,
51,Virginia,All_Suicide,TTM,1198,13.7,2026-06-22T00:00:00.000,"February, 2025 to January, 2026"
53,Washington,All_Suicide,2019,1263,16.6,2026-06-22T00:00:00.000,
53,Washington,All_Suicide,2020,1212,15.7,2026-06-22T00:00:00.000,
53,Washington,All_Suicide,2021,1229,15.9,2026-06-22T00:00:00.000,
53,Washington,All_Suicide,2022,1243,16.0,2026-06-22T00:00:00.000,
53,Washington,All_Suicide,2023,1287,16.5,2026-06-22T00:00:00.000,
53,Washington,All_Suicide,2024,1221,15.6,2026-06-22T00:00:00.000,
53,Washington,All_Suicide,TTM,1353,17.3,2026-06-22T00:00:00.000,"February, 2025 to January, 2026"
54,West Virginia,All_Suicide,2019,330,18.4,2026-06-22T00:00:00.000,
54,West Virginia,All_Suicide,2020,354,19.8,2026-06-22T00:00:00.000,
54,West Virginia,All_Suicide,2021,375,21.0,2026-06-22T00:00:00.000,
54,West Virginia,All_Suicide,2022,353,19.9,2026-06-22T00:00:00.000,
54,West Virginia,All_Suicide,2023,349,19.7,2026-06-22T00:00:00.000,
54,West Virginia,All_Suicide,2024,303,17.1,2026-06-22T00:00:00.000,
54,West Virginia,All_Suicide,TTM,323,18.2,2026-06-22T00:00:00.000,"February, 2025 to January, 2026"
55,Wisconsin,All_Suicide,2019,845,14.5,2026-06-22T00:00:00.000,
55,Wisconsin,All_Suicide,2020,866,14.7,2026-06-22T00:00:00.000,
55,Wisconsin,All_Suicide,2021,905,15.4,2026-06-22T00:00:00.000,
55,Wisconsin,All_Suicide,2022,924,15.7,2026-06-22T00:00:00.000,
55,Wisconsin,All_Suicide,2023,920,15.6,2026-06-22T00:00:00.000,
55,Wisconsin,All_Suicide,2024,920,15.6,2026-06-22T00:00:00.000,
55,Wisconsin,All_Suicide,TTM,968,16.4,2026-06-22T00:00:00.000,"February, 2025 to January, 2026"
56,Wyoming,All_Suicide,2019,170,29.4,2026-06-22T00:00:00.000,
56,Wyoming,All_Suicide,2020,182,31.5,2026-06-22T00:00:00.000,
56,Wyoming,All_Suicide,2021,190,32.8,2026-06-22T00:00:00.000,
56,Wyoming,All_Suicide,2022,155,26.6,2026-06-22T00:00:00.000,
56,Wyoming,All_Suicide,2023,157,26.9,2026-06-22T00:00:00.000,
56,Wyoming,All_Suicide,2024,169,28.9,2026-06-22T00:00:00.000,
56,Wyoming,All_Suicide,TTM,176,30.1,2026-06-22T00:00:00.000,"February, 2025 to January, 2026"
13,Georgia,Drug_OD,2020,1822,17.0,2026-06-22T00:00:00.000,
01,Alabama,Drug_OD,2020,983,19.5,2026-06-22T00:00:00.000,
01,Alabama,Drug_OD,2021,1366,27.0,2026-06-22T00:00:00.000,
01,Alabama,Drug_OD,2019,722,14.7,2026-06-22T00:00:00.000,
01,Alabama,Drug_OD,2022,1442,28.4,2026-06-22T00:00:00.000,
01,Alabama,Drug_OD,2023,1553,30.4,2026-06-22T00:00:00.000,
01,Alabama,Drug_OD,2024,1179,23.1,2026-06-22T00:00:00.000,
01,Alabama,Drug_OD,TTM,867,17.0,2026-06-22T00:00:00.000,"December, 2024 to November, 2025"
02,Alaska,Drug_OD,2019,118,16.1,2026-06-22T00:00:00.000,
02,Alaska,Drug_OD,2020,149,20.3,2026-06-22T00:00:00.000,
02,Alaska,Drug_OD,2021,253,34.4,2026-06-22T00:00:00.000,
02,Alaska,Drug_OD,2022,245,33.4,2026-06-22T00:00:00.000,
02,Alaska,Drug_OD,2023,346,47.2,2026-06-22T00:00:00.000,
02,Alaska,Drug_OD,2024,329,44.9,2026-06-22T00:00:00.000,
02,Alaska,Drug_OD,TTM,320,43.6,2026-06-22T00:00:00.000,"December, 2024 to November, 2025"
04,Arizona,Drug_OD,2019,1756,24.1,2026-06-22T00:00:00.000,
04,Arizona,Drug_OD,2020,2427,33.8,2026-06-22T00:00:00.000,
04,Arizona,Drug_OD,2021,2604,35.8,2026-06-22T00:00:00.000,
04,Arizona,Drug_OD,2022,2486,33.8,2026-06-22T00:00:00.000,
04,Arizona,Drug_OD,2023,2479,33.4,2026-06-22T00:00:00.000,
04,Arizona,Drug_OD,2024,2324,31.3,2026-06-22T00:00:00.000,
04,Arizona,Drug_OD,TTM,2747,37.0,2026-06-22T00:00:00.000,"December, 2024 to November, 2025"
05,Arkansas,Drug_OD,2019,352,11.7,2026-06-22T00:00:00.000,
05,Arkansas,Drug_OD,2020,493,16.4,2026-06-22T00:00:00.000,
05,Arkansas,Drug_OD,2021,592,19.5,2026-06-22T00:00:00.000,
05,Arkansas,Drug_OD,2022,576,18.9,2026-06-22T00:00:00.000,
05,Arkansas,Drug_OD,2023,473,15.4,2026-06-22T00:00:00.000,
05,Arkansas,Drug_OD,2024,382,12.5,2026-06-22T00:00:00.000,
05,Arkansas,Drug_OD,TTM,339,11.1,2026-06-22T00:00:00.000,"December, 2024 to November, 2025"
06,California,Drug_OD,2019,5688,14.4,2026-06-22T00:00:00.000,
06,California,Drug_OD,2020,8486,21.5,2026-06-22T00:00:00.000,
06,California,Drug_OD,2021,10476,26.8,2026-06-22T00:00:00.000,
06,California,Drug_OD,2022,10442,26.7,2026-06-22T00:00:00.000,
06,California,Drug_OD,2023,10897,28.0,2026-06-22T00:00:00.000,
06,California,Drug_OD,2024,8593,22.1,2026-06-22T00:00:00.000,
06,California,Drug_OD,TTM,8044,20.6,2026-06-22T00:00:00.000,"December, 2024 to November, 2025"
08,Colorado,Drug_OD,2019,913,15.9,2026-06-22T00:00:00.000,
08,Colorado,Drug_OD,2020,1327,22.9,2026-06-22T00:00:00.000,
08,Colorado,Drug_OD,2021,1715,29.5,2026-06-22T00:00:00.000,
08,Colorado,Drug_OD,2022,1641,28.1,2026-06-22T00:00:00.000,
08,Colorado,Drug_OD,2023,1702,29.0,2026-06-22T00:00:00.000,
08,Colorado,Drug_OD,2024,1445,24.6,2026-06-22T00:00:00.000,
08,Colorado,Drug_OD,TTM,1589,27.0,2026-06-22T00:00:00.000,"December, 2024 to November, 2025"
09,Connecticut,Drug_OD,2019,1133,31.8,2026-06-22T00:00:00.000,
09,Connecticut,Drug_OD,2020,1310,36.6,2026-06-22T00:00:00.000,
09,Connecticut,Drug_OD,2021,1473,40.9,2026-06-22T00:00:00.000,
09,Connecticut,Drug_OD,2022,1420,39.3,2026-06-22T00:00:00.000,
09,Connecticut,Drug_OD,2023,1256,34.7,2026-06-22T00:00:00.000,
09,Connecticut,Drug_OD,2024,926,25.6,2026-06-22T00:00:00.000,
09,Connecticut,Drug_OD,TTM,793,21.9,2026-06-22T00:00:00.000,"December, 2024 to November, 2025"
10,Delaware,Drug_OD,2019,423,43.4,2026-06-22T00:00:00.000,
10,Delaware,Drug_OD,2020,434,43.8,2026-06-22T00:00:00.000,
10,Delaware,Drug_OD,2021,503,50.1,2026-06-22T00:00:00.000,
10,Delaware,Drug_OD,2022,535,52.5,2026-06-22T00:00:00.000,
10,Delaware,Drug_OD,2023,507,49.1,2026-06-22T00:00:00.000,
10,Delaware,Drug_OD,2024,324,31.4,2026-06-22T00:00:00.000,
10,Delaware,Drug_OD,TTM,310,30.0,2026-06-22T00:00:00.000,"December, 2024 to November, 2025"
11,District of Columbia,Drug_OD,2019,303,42.9,2026-06-22T00:00:00.000,
11,District of Columbia,Drug_OD,2020,417,62.2,2026-06-22T00:00:00.000,
11,District of Columbia,Drug_OD,2021,445,66.5,2026-06-22T00:00:00.000,
11,District of Columbia,Drug_OD,2022,446,66.5,2026-06-22T00:00:00.000,
11,District of Columbia,Drug_OD,2023,420,61.9,2026-06-22T00:00:00.000,
11,District of Columbia,Drug_OD,2024,312,46.0,2026-06-22T00:00:00.000,
11,District of Columbia,Drug_OD,TTM,266,39.2,2026-06-22T00:00:00.000,"December, 2024 to November, 2025"
12,Florida,Drug_OD,2019,4847,22.6,2026-06-22T00:00:00.000,
12,Florida,Drug_OD,2020,6882,31.9,2026-06-22T00:00:00.000,
12,Florida,Drug_OD,2021,7477,34.2,2026-06-22T00:00:00.000,
12,Florida,Drug_OD,2023,6636,29.3,2026-06-22T00:00:00.000,
12,Florida,Drug_OD,2024,4620,20.4,2026-06-22T00:00:00.000,
12,Florida,Drug_OD,TTM,3515,15.5,2026-06-22T00:00:00.000,"December, 2024 to November, 2025"
12,Florida,Drug_OD,2022,7157,32.2,2026-06-22T00:00:00.000,
13,Georgia,Drug_OD,2019,1288,12.1,2026-06-22T00:00:00.000,
13,Georgia,Drug_OD,2021,2380,22.1,2026-06-22T00:00:00.000,
13,Georgia,Drug_OD,2022,2568,23.5,2026-06-22T00:00:00.000,
13,Georgia,Drug_OD,2023,2467,22.4,2026-06-22T00:00:00.000,
13,Georgia,Drug_OD,2024,1934,17.5,2026-06-22T00:00:00.000,
13,Georgia,Drug_OD,TTM,1614,14.6,2026-06-22T00:00:00.000,"December, 2024 to November, 2025"
15,Hawaii,Drug_OD,2019,214,15.1,2026-06-22T00:00:00.000,
15,Hawaii,Drug_OD,2020,253,17.4,2026-06-22T00:00:00.000,
15,Hawaii,Drug_OD,2021,249,17.2,2026-06-22T00:00:00.000,
15,Hawaii,Drug_OD,2022,260,18.1,2026-06-22T00:00:00.000,
15,Hawaii,Drug_OD,2023,302,21.0,2026-06-22T00:00:00.000,
15,Hawaii,Drug_OD,2024,313,21.8,2026-06-22T00:00:00.000,
15,Hawaii,Drug_OD,TTM,300,20.9,2026-06-22T00:00:00.000,"December, 2024 to November, 2025"
16,Idaho,Drug_OD,2019,230,12.9,2026-06-22T00:00:00.000,
16,Idaho,Drug_OD,2020,248,13.4,2026-06-22T00:00:00.000,
16,Idaho,Drug_OD,2021,329,17.3,2026-06-22T00:00:00.000,
16,Idaho,Drug_OD,2022,334,17.2,2026-06-22T00:00:00.000,
16,Idaho,Drug_OD,2023,345,17.6,2026-06-22T00:00:00.000,
16,Idaho,Drug_OD,2024,293,14.9,2026-06-22T00:00:00.000,
16,Idaho,Drug_OD,TTM,266,13.5,2026-06-22T00:00:00.000,"December, 2024 to November, 2025"
17,Illinois,Drug_OD,2019,2605,20.6,2026-06-22T00:00:00.000,
17,Illinois,Drug_OD,2020,3394,26.5,2026-06-22T00:00:00.000,
17,Illinois,Drug_OD,2021,3585,28.2,2026-06-22T00:00:00.000,
17,Illinois,Drug_OD,2022,3675,29.2,2026-06-22T00:00:00.000,
17,Illinois,Drug_OD,2023,3374,26.9,2026-06-22T00:00:00.000,
17,Illinois,Drug_OD,2024,2374,18.9,2026-06-22T00:00:00.000,
17,Illinois,Drug_OD,TTM,1813,14.4,2026-06-22T00:00:00.000,"December, 2024 to November, 2025"
18,Indiana,Drug_OD,2019,1618,24.0,2026-06-22T00:00:00.000,
18,Indiana,Drug_OD,2020,2241,33.0,2026-06-22T00:00:00.000,
18,Indiana,Drug_OD,2021,2718,39.9,2026-06-22T00:00:00.000,
18,Indiana,Drug_OD,2022,2580,37.8,2026-06-22T00:00:00.000,
18,Indiana,Drug_OD,2023,2153,31.4,2026-06-22T00:00:00.000,
18,Indiana,Drug_OD,2024,1627,23.7,2026-06-22T00:00:00.000,
18,Indiana,Drug_OD,TTM,1318,19.2,2026-06-22T00:00:00.000,"December, 2024 to November, 2025"
19,Iowa,Drug_OD,2019,287,9.1,2026-06-22T00:00:00.000,
19,Iowa,Drug_OD,2020,360,11.3,2026-06-22T00:00:00.000,
19,Iowa,Drug_OD,2021,426,13.3,2026-06-22T00:00:00.000,
19,Iowa,Drug_OD,2022,394,12.3,2026-06-22T00:00:00.000,
19,Iowa,Drug_OD,2023,391,12.2,2026-06-22T00:00:00.000,
19,Iowa,Drug_OD,2024,373,11.6,2026-06-22T00:00:00.000,
19,Iowa,Drug_OD,TTM,336,10.5,2026-06-22T00:00:00.000,"December, 2024 to November, 2025"
20,Kansas,Drug_OD,2019,356,12.2,2026-06-22T00:00:00.000,
20,Kansas,Drug_OD,2020,443,15.1,2026-06-22T00:00:00.000,
20,Kansas,Drug_OD,2021,634,21.6,2026-06-22T00:00:00.000,
20,Kansas,Drug_OD,2022,694,23.6,2026-06-22T00:00:00.000,
20,Kansas,Drug_OD,2023,587,20.0,2026-06-22T00:00:00.000,
20,Kansas,Drug_OD,2024,529,18.0,2026-06-22T00:00:00.000,
20,Kansas,Drug_OD,TTM,507,17.2,2026-06-22T00:00:00.000,"December, 2024 to November, 2025"
21,Kentucky,Drug_OD,2019,1312,29.4,2026-06-22T00:00:00.000,
21,Kentucky,Drug_OD,2020,2038,45.2,2026-06-22T00:00:00.000,
21,Kentucky,Drug_OD,2021,2332,51.7,2026-06-22T00:00:00.000,
21,Kentucky,Drug_OD,2022,2208,48.9,2026-06-22T00:00:00.000,
21,Kentucky,Drug_OD,2023,2017,44.6,2026-06-22T00:00:00.000,
21,Kentucky,Drug_OD,2024,1435,31.7,2026-06-22T00:00:00.000,
21,Kentucky,Drug_OD,TTM,1129,24.9,2026-06-22T00:00:00.000,"December, 2024 to November, 2025"
22,Louisiana,Drug_OD,2019,1212,26.1,2026-06-22T00:00:00.000,
22,Louisiana,Drug_OD,2020,1847,39.7,2026-06-22T00:00:00.000,
22,Louisiana,Drug_OD,2021,2419,52.3,2026-06-22T00:00:00.000,
22,Louisiana,Drug_OD,2022,2330,50.8,2026-06-22T00:00:00.000,
22,Louisiana,Drug_OD,2023,2167,47.4,2026-06-22T00:00:00.000,
22,Louisiana,Drug_OD,2024,1428,31.2,2026-06-22T00:00:00.000,
22,Louisiana,Drug_OD,TTM,1136,24.8,2026-06-22T00:00:00.000,"December, 2024 to November, 2025"
23,Maine,Drug_OD,2019,339,25.2,2026-06-22T00:00:00.000,
23,Maine,Drug_OD,2020,464,34.0,2026-06-22T00:00:00.000,
23,Maine,Drug_OD,2021,592,42.9,2026-06-22T00:00:00.000,
23,Maine,Drug_OD,2022,678,48.8,2026-06-22T00:00:00.000,
23,Maine,Drug_OD,2023,564,40.4,2026-06-22T00:00:00.000,
23,Maine,Drug_OD,2024,452,32.4,2026-06-22T00:00:00.000,
23,Maine,Drug_OD,TTM,343,24.6,2026-06-22T00:00:00.000,"December, 2024 to November, 2025"
24,Maryland,Drug_OD,2019,2287,37.8,2026-06-22T00:00:00.000,
24,Maryland,Drug_OD,2020,2703,43.8,2026-06-22T00:00:00.000,
24,Maryland,Drug_OD,2021,2679,43.4,2026-06-22T00:00:00.000,
24,Maryland,Drug_OD,2022,2496,40.5,2026-06-22T00:00:00.000,
24,Maryland,Drug_OD,2023,2476,40.1,2026-06-22T00:00:00.000,
24,Maryland,Drug_OD,2024,1707,27.6,2026-06-22T00:00:00.000,
24,Maryland,Drug_OD,TTM,1373,22.2,2026-06-22T00:00:00.000,"December, 2024 to November, 2025"
25,Massachusetts,Drug_OD,2019,2127,30.9,2026-06-22T00:00:00.000,
25,Massachusetts,Drug_OD,2020,2217,31.7,2026-06-22T00:00:00.000,
25,Massachusetts,Drug_OD,2021,2493,35.7,2026-06-22T00:00:00.000,
25,Massachusetts,Drug_OD,2022,2531,36.2,2026-06-22T00:00:00.000,
25,Massachusetts,Drug_OD,2023,2293,32.8,2026-06-22T00:00:00.000,
25,Massachusetts,Drug_OD,2024,1503,21.5,2026-06-22T00:00:00.000,
25,Massachusetts,Drug_OD,TTM,1235,17.6,2026-06-22T00:00:00.000,"December, 2024 to November, 2025"
26,Michigan,Drug_OD,2019,2226,22.3,2026-06-22T00:00:00.000,
26,Michigan,Drug_OD,2020,2613,25.9,2026-06-22T00:00:00.000,
26,Michigan,Drug_OD,2021,2940,29.3,2026-06-22T00:00:00.000,
26,Michigan,Drug_OD,2022,2849,28.4,2026-06-22T00:00:00.000,
26,Michigan,Drug_OD,2023,2736,27.3,2026-06-22T00:00:00.000,
26,Michigan,Drug_OD,2024,1802,18.0,2026-06-22T00:00:00.000,
26,Michigan,Drug_OD,TTM,1588,15.8,2026-06-22T00:00:00.000,"December, 2024 to November, 2025"
27,Minnesota,Drug_OD,2019,664,11.8,2026-06-22T00:00:00.000,
27,Minnesota,Drug_OD,2020,960,16.8,2026-06-22T00:00:00.000,
27,Minnesota,Drug_OD,2021,1270,22.2,2026-06-22T00:00:00.000,
27,Minnesota,Drug_OD,2022,1294,22.6,2026-06-22T00:00:00.000,
27,Minnesota,Drug_OD,2023,1246,21.7,2026-06-22T00:00:00.000,
27,Minnesota,Drug_OD,2024,914,15.9,2026-06-22T00:00:00.000,
27,Minnesota,Drug_OD,TTM,922,16.1,2026-06-22T00:00:00.000,"December, 2024 to November, 2025"
28,Mississippi,Drug_OD,2019,377,12.7,2026-06-22T00:00:00.000,
28,Mississippi,Drug_OD,2020,566,19.1,2026-06-22T00:00:00.000,
28,Mississippi,Drug_OD,2021,771,26.1,2026-06-22T00:00:00.000,
28,Mississippi,Drug_OD,2022,729,24.8,2026-06-22T00:00:00.000,
28,Mississippi,Drug_OD,2023,681,23.2,2026-06-22T00:00:00.000,
28,Mississippi,Drug_OD,2024,498,16.9,2026-06-22T00:00:00.000,
28,Mississippi,Drug_OD,TTM,454,15.4,2026-06-22T00:00:00.000,"December, 2024 to November, 2025"
29,Missouri,Drug_OD,2019,1471,24.0,2026-06-22T00:00:00.000,
29,Missouri,Drug_OD,2020,1785,29.0,2026-06-22T00:00:00.000,
29,Missouri,Drug_OD,2021,2062,33.4,2026-06-22T00:00:00.000,
29,Missouri,Drug_OD,2022,2073,33.6,2026-06-22T00:00:00.000,
29,Missouri,Drug_OD,2023,1893,30.6,2026-06-22T00:00:00.000,
29,Missouri,Drug_OD,2024,1358,21.9,2026-06-22T00:00:00.000,
29,Missouri,Drug_OD,TTM,1159,18.7,2026-06-22T00:00:00.000,"December, 2024 to November, 2025"
30,Montana,Drug_OD,2019,117,10.9,2026-06-22T00:00:00.000,
30,Montana,Drug_OD,2020,136,12.5,2026-06-22T00:00:00.000,
30,Montana,Drug_OD,2021,182,16.5,2026-06-22T00:00:00.000,
30,Montana,Drug_OD,2022,194,17.3,2026-06-22T00:00:00.000,
30,Montana,Drug_OD,2023,170,15.0,2026-06-22T00:00:00.000,
30,Montana,Drug_OD,2024,143,12.6,2026-06-22T00:00:00.000,
30,Montana,Drug_OD,TTM,164,14.5,2026-06-22T00:00:00.000,"December, 2024 to November, 2025"
31,Nebraska,Drug_OD,2019,130,6.7,2026-06-22T00:00:00.000,
31,Nebraska,Drug_OD,2020,181,9.2,2026-06-22T00:00:00.000,
31,Nebraska,Drug_OD,2021,186,9.5,2026-06-22T00:00:00.000,
31,Nebraska,Drug_OD,2022,201,10.2,2026-06-22T00:00:00.000,
31,Nebraska,Drug_OD,2023,150,7.6,2026-06-22T00:00:00.000,
31,Nebraska,Drug_OD,2024,130,6.6,2026-06-22T00:00:00.000,
31,Nebraska,Drug_OD,TTM,131,6.6,2026-06-22T00:00:00.000,"December, 2024 to November, 2025"
32,Nevada,Drug_OD,2019,566,18.4,2026-06-22T00:00:00.000,
32,Nevada,Drug_OD,2020,776,24.9,2026-06-22T00:00:00.000,
32,Nevada,Drug_OD,2021,865,27.5,2026-06-22T00:00:00.000,
32,Nevada,Drug_OD,2022,926,29.1,2026-06-22T00:00:00.000,
32,Nevada,Drug_OD,2023,1213,38.0,2026-06-22T00:00:00.000,
32,Nevada,Drug_OD,2024,1161,36.3,2026-06-22T00:00:00.000,
32,Nevada,Drug_OD,TTM,995,31.2,2026-06-22T00:00:00.000,"December, 2024 to November, 2025"
33,New Hampshire,Drug_OD,2019,382,28.1,2026-06-22T00:00:00.000,
33,New Hampshire,Drug_OD,2020,358,26.0,2026-06-22T00:00:00.000,
33,New Hampshire,Drug_OD,2021,415,29.9,2026-06-22T00:00:00.000,
33,New Hampshire,Drug_OD,2022,462,33.0,2026-06-22T00:00:00.000,
33,New Hampshire,Drug_OD,2023,423,30.2,2026-06-22T00:00:00.000,
33,New Hampshire,Drug_OD,2024,262,18.7,2026-06-22T00:00:00.000,
33,New Hampshire,Drug_OD,TTM,237,16.9,2026-06-22T00:00:00.000,"December, 2024 to November, 2025"
34,New Jersey,Drug_OD,2019,2713,30.5,2026-06-22T00:00:00.000,
34,New Jersey,Drug_OD,2020,2755,29.7,2026-06-22T00:00:00.000,
34,New Jersey,Drug_OD,2021,2956,31.9,2026-06-22T00:00:00.000,
34,New Jersey,Drug_OD,2022,2888,31.2,2026-06-22T00:00:00.000,
34,New Jersey,Drug_OD,2023,2608,28.1,2026-06-22T00:00:00.000,
34,New Jersey,Drug_OD,2024,1905,20.5,2026-06-22T00:00:00.000,
34,New Jersey,Drug_OD,TTM,1522,16.4,2026-06-22T00:00:00.000,"December, 2024 to November, 2025"
35,New Mexico,Drug_OD,2019,551,26.3,2026-06-22T00:00:00.000,
35,New Mexico,Drug_OD,2020,737,34.8,2026-06-22T00:00:00.000,
35,New Mexico,Drug_OD,2021,1002,47.3,2026-06-22T00:00:00.000,
35,New Mexico,Drug_OD,2022,971,45.9,2026-06-22T00:00:00.000,
35,New Mexico,Drug_OD,2023,965,45.6,2026-06-22T00:00:00.000,
35,New Mexico,Drug_OD,2024,733,34.7,2026-06-22T00:00:00.000,
35,New Mexico,Drug_OD,TTM,909,43.0,2026-06-22T00:00:00.000,"December, 2024 to November, 2025"
36,New York,Drug_OD,2019,3403,17.5,2026-06-22T00:00:00.000,
36,New York,Drug_OD,2020,4751,23.6,2026-06-22T00:00:00.000,
36,New York,Drug_OD,2021,5613,28.3,2026-06-22T00:00:00.000,
36,New York,Drug_OD,2022,6112,31.1,2026-06-22T00:00:00.000,
36,New York,Drug_OD,2023,6098,31.2,2026-06-22T00:00:00.000,
36,New York,Drug_OD,2024,4238,21.7,2026-06-22T00:00:00.000,
36,New York,Drug_OD,TTM,3252,16.6,2026-06-22T00:00:00.000,"December, 2024 to November, 2025"
37,North Carolina,Drug_OD,2019,2112,20.1,2026-06-22T00:00:00.000,
37,North Carolina,Drug_OD,2020,3008,28.8,2026-06-22T00:00:00.000,
37,North Carolina,Drug_OD,2021,3879,36.7,2026-06-22T00:00:00.000,
37,North Carolina,Drug_OD,2022,4151,38.8,2026-06-22T00:00:00.000,
37,North Carolina,Drug_OD,2023,3370,31.1,2026-06-22T00:00:00.000,
37,North Carolina,Drug_OD,2024,2661,24.6,2026-06-22T00:00:00.000,
37,North Carolina,Drug_OD,TTM,1947,18.0,2026-06-22T00:00:00.000,"December, 2024 to November, 2025"
38,North Dakota,Drug_OD,2019,73,9.6,2026-06-22T00:00:00.000,
38,North Dakota,Drug_OD,2020,107,13.7,2026-06-22T00:00:00.000,
38,North Dakota,Drug_OD,2021,116,14.9,2026-06-22T00:00:00.000,
38,North Dakota,Drug_OD,2022,132,16.9,2026-06-22T00:00:00.000,
38,North Dakota,Drug_OD,2023,111,14.2,2026-06-22T00:00:00.000,
38,North Dakota,Drug_OD,2024,93,11.9,2026-06-22T00:00:00.000,
38,North Dakota,Drug_OD,TTM,100,12.8,2026-06-22T00:00:00.000,"December, 2024 to November, 2025"
39,Ohio,Drug_OD,2019,4080,34.9,2026-06-22T00:00:00.000,
39,Ohio,Drug_OD,2020,5068,43.0,2026-06-22T00:00:00.000,
39,Ohio,Drug_OD,2021,5229,44.4,2026-06-22T00:00:00.000,
39,Ohio,Drug_OD,2022,4980,42.3,2026-06-22T00:00:00.000,
39,Ohio,Drug_OD,2023,4557,38.7,2026-06-22T00:00:00.000,
39,Ohio,Drug_OD,2024,2994,25.4,2026-06-22T00:00:00.000,
39,Ohio,Drug_OD,TTM,2260,19.2,2026-06-22T00:00:00.000,"December, 2024 to November, 2025"
40,Oklahoma,Drug_OD,2019,585,14.8,2026-06-22T00:00:00.000,
40,Oklahoma,Drug_OD,2020,711,17.9,2026-06-22T00:00:00.000,
40,Oklahoma,Drug_OD,2021,897,22.5,2026-06-22T00:00:00.000,
40,Oklahoma,Drug_OD,2022,1158,28.8,2026-06-22T00:00:00.000,
40,Oklahoma,Drug_OD,2023,1215,30.0,2026-06-22T00:00:00.000,
40,Oklahoma,Drug_OD,2024,967,23.9,2026-06-22T00:00:00.000,
40,Oklahoma,Drug_OD,TTM,829,20.4,2026-06-22T00:00:00.000,"December, 2024 to November, 2025"
41,Oregon,Drug_OD,2019,515,12.2,2026-06-22T00:00:00.000,
41,Oregon,Drug_OD,2020,718,16.9,2026-06-22T00:00:00.000,
41,Oregon,Drug_OD,2021,1087,25.5,2026-06-22T00:00:00.000,
41,Oregon,Drug_OD,2022,1247,29.4,2026-06-22T00:00:00.000,
41,Oregon,Drug_OD,2023,1674,39.5,2026-06-22T00:00:00.000,
41,Oregon,Drug_OD,2024,1392,32.9,2026-06-22T00:00:00.000,
41,Oregon,Drug_OD,TTM,1002,23.7,2026-06-22T00:00:00.000,"December, 2024 to November, 2025"
42,Pennsylvania,Drug_OD,2019,4162,32.5,2026-06-22T00:00:00.000,
42,Pennsylvania,Drug_OD,2020,4931,37.9,2026-06-22T00:00:00.000,
42,Pennsylvania,Drug_OD,2021,5182,39.8,2026-06-22T00:00:00.000,
42,Pennsylvania,Drug_OD,2022,4898,37.8,2026-06-22T00:00:00.000,
42,Pennsylvania,Drug_OD,2023,4479,34.6,2026-06-22T00:00:00.000,
42,Pennsylvania,Drug_OD,2024,3149,24.3,2026-06-22T00:00:00.000,
42,Pennsylvania,Drug_OD,TTM,2644,20.4,2026-06-22T00:00:00.000,"December, 2024 to November, 2025"
44,Rhode Island,Drug_OD,2019,284,26.8,2026-06-22T00:00:00.000,
44,Rhode Island,Drug_OD,2020,383,34.9,2026-06-22T00:00:00.000,
44,Rhode Island,Drug_OD,2021,437,39.8,2026-06-22T00:00:00.000,
44,Rhode Island,Drug_OD,2022,397,36.3,2026-06-22T00:00:00.000,
44,Rhode Island,Drug_OD,2023,393,35.9,2026-06-22T00:00:00.000,
44,Rhode Island,Drug_OD,2024,311,28.4,2026-06-22T00:00:00.000,
44,Rhode Island,Drug_OD,TTM,206,18.8,2026-06-22T00:00:00.000,"December, 2024 to November, 2025"
45,South Carolina,Drug_OD,2019,1063,20.6,2026-06-22T00:00:00.000,
45,South Carolina,Drug_OD,2020,1672,32.6,2026-06-22T00:00:00.000,
45,South Carolina,Drug_OD,2021,2064,39.7,2026-06-22T00:00:00.000,
45,South Carolina,Drug_OD,2022,2195,41.5,2026-06-22T00:00:00.000,
45,South Carolina,Drug_OD,2023,2094,39.0,2026-06-22T00:00:00.000,
45,South Carolina,Drug_OD,2024,1399,26.0,2026-06-22T00:00:00.000,
45,South Carolina,Drug_OD,TTM,1245,23.2,2026-06-22T00:00:00.000,"December, 2024 to November, 2025"
46,South Dakota,Drug_OD,2019,76,8.6,2026-06-22T00:00:00.000,
46,South Dakota,Drug_OD,2020,72,8.1,2026-06-22T00:00:00.000,
46,South Dakota,Drug_OD,2021,88,9.8,2026-06-22T00:00:00.000,
46,South Dakota,Drug_OD,2022,86,9.5,2026-06-22T00:00:00.000,
46,South Dakota,Drug_OD,2023,75,8.2,2026-06-22T00:00:00.000,
46,South Dakota,Drug_OD,2024,81,8.8,2026-06-22T00:00:00.000,
46,South Dakota,Drug_OD,TTM,76,8.3,2026-06-22T00:00:00.000,"December, 2024 to November, 2025"
47,Tennessee,Drug_OD,2019,1998,29.3,2026-06-22T00:00:00.000,
47,Tennessee,Drug_OD,2020,2942,42.5,2026-06-22T00:00:00.000,
47,Tennessee,Drug_OD,2021,3726,53.5,2026-06-22T00:00:00.000,
47,Tennessee,Drug_OD,2022,3730,52.9,2026-06-22T00:00:00.000,
47,Tennessee,Drug_OD,2023,3528,49.5,2026-06-22T00:00:00.000,
47,Tennessee,Drug_OD,2024,2402,33.7,2026-06-22T00:00:00.000,
47,Tennessee,Drug_OD,TTM,2039,28.6,2026-06-22T00:00:00.000,"December, 2024 to November, 2025"
48,Texas,Drug_OD,2019,2842,9.8,2026-06-22T00:00:00.000,
48,Texas,Drug_OD,2020,3863,13.2,2026-06-22T00:00:00.000,
48,Texas,Drug_OD,2021,4688,15.9,2026-06-22T00:00:00.000,
48,Texas,Drug_OD,2022,5175,17.2,2026-06-22T00:00:00.000,
48,Texas,Drug_OD,2023,5368,17.6,2026-06-22T00:00:00.000,
48,Texas,Drug_OD,2024,4637,15.2,2026-06-22T00:00:00.000,
48,Texas,Drug_OD,TTM,4013,13.2,2026-06-22T00:00:00.000,"December, 2024 to November, 2025"
49,Utah,Drug_OD,2019,496,15.5,2026-06-22T00:00:00.000,
49,Utah,Drug_OD,2020,536,16.3,2026-06-22T00:00:00.000,
49,Utah,Drug_OD,2021,587,17.6,2026-06-22T00:00:00.000,
49,Utah,Drug_OD,2022,535,15.8,2026-06-22T00:00:00.000,
49,Utah,Drug_OD,2023,608,17.8,2026-06-22T00:00:00.000,
49,Utah,Drug_OD,2024,589,17.2,2026-06-22T00:00:00.000,
49,Utah,Drug_OD,TTM,566,16.6,2026-06-22T00:00:00.000,"December, 2024 to November, 2025"
50,Vermont,Drug_OD,2019,122,19.6,2026-06-22T00:00:00.000,
50,Vermont,Drug_OD,2020,179,27.8,2026-06-22T00:00:00.000,
50,Vermont,Drug_OD,2021,230,35.5,2026-06-22T00:00:00.000,
50,Vermont,Drug_OD,2022,256,39.6,2026-06-22T00:00:00.000,
50,Vermont,Drug_OD,2023,247,38.1,2026-06-22T00:00:00.000,
50,Vermont,Drug_OD,2024,198,30.6,2026-06-22T00:00:00.000,
50,Vermont,Drug_OD,TTM,131,20.2,2026-06-22T00:00:00.000,"December, 2024 to November, 2025"
51,Virginia,Drug_OD,2019,1435,16.8,2026-06-22T00:00:00.000,
51,Virginia,Drug_OD,2020,2122,24.6,2026-06-22T00:00:00.000,
51,Virginia,Drug_OD,2021,2507,29.0,2026-06-22T00:00:00.000,
51,Virginia,Drug_OD,2022,2389,27.5,2026-06-22T00:00:00.000,
51,Virginia,Drug_OD,2023,2370,27.2,2026-06-22T00:00:00.000,
51,Virginia,Drug_OD,2024,1440,16.5,2026-06-22T00:00:00.000,
51,Virginia,Drug_OD,TTM,1243,14.3,2026-06-22T00:00:00.000,"December, 2024 to November, 2025"
53,Washington,Drug_OD,2019,1116,14.7,2026-06-22T00:00:00.000,
53,Washington,Drug_OD,2020,1598,20.7,2026-06-22T00:00:00.000,
53,Washington,Drug_OD,2021,2152,27.8,2026-06-22T00:00:00.000,
53,Washington,Drug_OD,2022,2580,33.1,2026-06-22T00:00:00.000,
53,Washington,Drug_OD,2023,3315,42.4,2026-06-22T00:00:00.000,
53,Washington,Drug_OD,2024,2987,38.2,2026-06-22T00:00:00.000,
53,Washington,Drug_OD,TTM,2874,36.8,2026-06-22T00:00:00.000,"December, 2024 to November, 2025"
54,West Virginia,Drug_OD,2019,841,46.9,2026-06-22T00:00:00.000,
54,West Virginia,Drug_OD,2020,1304,72.8,2026-06-22T00:00:00.000,
54,West Virginia,Drug_OD,2021,1470,82.3,2026-06-22T00:00:00.000,
54,West Virginia,Drug_OD,2022,1299,73.2,2026-06-22T00:00:00.000,
54,West Virginia,Drug_OD,2023,1357,76.7,2026-06-22T00:00:00.000,
54,West Virginia,Drug_OD,2024,808,45.6,2026-06-22T00:00:00.000,
54,West Virginia,Drug_OD,TTM,645,36.4,2026-06-22T00:00:00.000,"December, 2024 to November, 2025"
55,Wisconsin,Drug_OD,2019,1114,19.1,2026-06-22T00:00:00.000,
55,Wisconsin,Drug_OD,2020,1445,24.5,2026-06-22T00:00:00.000,
55,Wisconsin,Drug_OD,2021,1667,28.4,2026-06-22T00:00:00.000,
55,Wisconsin,Drug_OD,2022,1680,28.5,2026-06-22T00:00:00.000,
55,Wisconsin,Drug_OD,2023,1663,28.1,2026-06-22T00:00:00.000,
55,Wisconsin,Drug_OD,2024,1070,18.1,2026-06-22T00:00:00.000,
55,Wisconsin,Drug_OD,TTM,879,14.9,2026-06-22T00:00:00.000,"December, 2024 to November, 2025"
56,Wyoming,Drug_OD,2019,68,11.7,2026-06-22T00:00:00.000,
56,Wyoming,Drug_OD,2020,87,15.1,2026-06-22T00:00:00.000,
56,Wyoming,Drug_OD,2021,102,17.6,2026-06-22T00:00:00.000,
56,Wyoming,Drug_OD,2022,115,19.8,2026-06-22T00:00:00.000,
56,Wyoming,Drug_OD,2023,122,20.9,2026-06-22T00:00:00.000,
56,Wyoming,Drug_OD,2024,107,18.3,2026-06-22T00:00:00.000,
56,Wyoming,Drug_OD,TTM,79,13.5,2026-06-22T00:00:00.000,"December, 2024 to November, 2025"
