state,year,deaths,percent_complete
AK,2015,121,100
AK,2016,129,100
AK,2017,141,100
AK,2018,105,100
AK,2019,133,100
AK,2020,146,100
AK,2021,255,100
AK,2022,247,100
AK,2023,357,100
AK,2024,339,100
AK,2025,331,100
AL,2015,720,100
AL,2016,740,100
AL,2017,807,100
AL,2018,740,100
AL,2019,739,100
AL,2020,989,100
AL,2021,1333,100
AL,2022,1452,100
AL,2023,1598,100
AL,2024,1176,100
AL,2025,859,100
AR,2015,381,100
AR,2016,386,100
AR,2017,425,100
AR,2018,433,100
AR,2019,362,100
AR,2020,514,100
AR,2021,627,100
AR,2022,591,100
AR,2023,517,100
AR,2024,389,100
AR,2025,372,100
AZ,2015,1267,100
AZ,2016,1393,100
AZ,2017,1555,100
AZ,2018,1730,100
AZ,2019,1981,100
AZ,2020,2644,100
AZ,2021,2780,100
AZ,2022,2737,100
AZ,2023,2720,100
AZ,2024,2531,100
AZ,2025,2975,100
CA,2015,4762,100
CA,2016,4755,100
CA,2017,5028,100
CA,2018,5494,100
CA,2019,6363,100
CA,2020,9209,100
CA,2021,11398,100
CA,2022,11761,100
CA,2023,12369,100
CA,2024,9687,100
CA,2025,8971,100
CO,2015,913,100
CO,2016,965,100
CO,2017,1040,100
CO,2018,1004,100
CO,2019,1100,100
CO,2020,1512,100
CO,2021,1917,100
CO,2022,1856,100
CO,2023,1926,100
CO,2024,1640,100
CO,2025,1816,100
CT,2015,799,100
CT,2016,974,100
CT,2017,1080,100
CT,2018,1070,100
CT,2019,1231,100
CT,2020,1385,100
CT,2021,1562,100
CT,2022,1476,100
CT,2023,1330,100
CT,2024,998,100
CT,2025,854,100
DC,2015,144,100
DC,2016,300,100
DC,2017,348,100
DC,2018,295,100
DC,2019,367,100
DC,2020,511,100
DC,2021,541,100
DC,2022,575,100
DC,2023,635,100
DC,2024,408,100
DC,2025,353,100
DE,2015,195,100
DE,2016,285,100
DE,2017,341,100
DE,2018,399,100
DE,2019,423,100
DE,2020,449,100
DE,2021,502,100
DE,2022,544,100
DE,2023,527,100
DE,2024,351,100
DE,2025,327,100
FL,2015,3352,100
FL,2016,4996,100
FL,2017,5440,100
FL,2018,4936,100
FL,2019,5524,100
FL,2020,7568,100
FL,2021,8163,100
FL,2022,7894,100
FL,2023,7330,100
FL,2024,5151,100
FL,2025,4059,100
GA,2015,1308,100
GA,2016,1370,100
GA,2017,1516,100
GA,2018,1375,100
GA,2019,1378,100
GA,2020,1868,100
GA,2021,2438,100
GA,2022,2619,100
GA,2023,2520,100
GA,2024,2010,100
GA,2025,1644,100
HI,2015,171,100
HI,2016,199,100
HI,2017,202,100
HI,2018,212,100
HI,2019,245,100
HI,2020,276,100
HI,2021,267,100
HI,2022,283,100
HI,2023,321,100
HI,2024,337,100
HI,2025,309,100
IA,2015,300,100
IA,2016,314,100
IA,2017,341,100
IA,2018,277,100
IA,2019,350,100
IA,2020,419,100
IA,2021,471,100
IA,2022,473,100
IA,2023,447,100
IA,2024,427,100
IA,2025,371,100
ID,2015,214,100
ID,2016,228,100
ID,2017,234,100
ID,2018,243,100
ID,2019,264,100
ID,2020,280,100
ID,2021,345,100
ID,2022,362,100
ID,2023,367,100
ID,2024,326,100
ID,2025,294,100
IL,2015,1864,100
IL,2016,2427,100
IL,2017,2765,100
IL,2018,2732,100
IL,2019,2775,100
IL,2020,3531,100
IL,2021,3786,100
IL,2022,3863,100
IL,2023,3537,100
IL,2024,2521,100
IL,2025,1957,100
IN,2015,1232,100
IN,2016,1506,100
IN,2017,1835,100
IN,2018,1612,100
IN,2019,1704,100
IN,2020,2267,100
IN,2021,2789,100
IN,2022,2666,100
IN,2023,2193,100
IN,2024,1695,100
IN,2025,1395,100
KS,2015,323,100
KS,2016,313,100
KS,2017,323,100
KS,2018,341,100
KS,2019,380,100
KS,2020,473,100
KS,2021,682,100
KS,2022,755,100
KS,2023,641,100
KS,2024,560,100
KS,2025,528,100
KY,2015,1248,100
KY,2016,1437,100
KY,2017,1566,100
KY,2018,1336,100
KY,2019,1369,100
KY,2020,2104,100
KY,2021,2397,100
KY,2022,2309,100
KY,2023,2131,100
KY,2024,1538,100
KY,2025,1177,100
LA,2015,875,100
LA,2016,1004,100
LA,2017,1102,100
LA,2018,1167,100
LA,2019,1304,100
LA,2020,1929,100
LA,2021,2512,100
LA,2022,2433,100
LA,2023,2255,100
LA,2024,1503,100
LA,2025,1207,100
MA,2015,1723,100
MA,2016,2198,100
MA,2017,2138,100
MA,2018,2238,100
MA,2019,2215,100
MA,2020,2296,100
MA,2021,2555,100
MA,2022,2647,100
MA,2023,2380,100
MA,2024,1598,100
MA,2025,1336,100
MD,2015,1320,100
MD,2016,2074,100
MD,2017,2284,100
MD,2018,2393,100
MD,2019,2360,100
MD,2020,2761,100
MD,2021,2724,100
MD,2022,2523,100
MD,2023,2493,100
MD,2024,1750,100
MD,2025,1386,100
ME,2015,267,100
ME,2016,357,100
ME,2017,409,100
ME,2018,338,100
ME,2019,362,100
ME,2020,490,100
ME,2021,620,100
ME,2022,706,100
ME,2023,592,100
ME,2024,478,100
ME,2025,375,100
MI,2015,1973,100
MI,2016,2342,100
MI,2017,2665,100
MI,2018,2575,100
MI,2019,2358,100
MI,2020,2750,100
MI,2021,3092,100
MI,2022,2969,100
MI,2023,2885,100
MI,2024,1945,100
MI,2025,1748,100
MN,2015,592,100
MN,2016,664,100
MN,2017,728,100
MN,2018,639,100
MN,2019,788,100
MN,2020,1065,100
MN,2021,1344,100
MN,2022,1392,100
MN,2023,1341,100
MN,2024,994,100
MN,2025,1025,100
MO,2015,1087,100
MO,2016,1386,100
MO,2017,1398,100
MO,2018,1635,100
MO,2019,1603,100
MO,2020,1915,100
MO,2021,2195,100
MO,2022,2212,100
MO,2023,2014,100
MO,2024,1482,100
MO,2025,1236,100
MS,2015,333,100
MS,2016,332,100
MS,2017,329,100
MS,2018,290,100
MS,2019,365,100
MS,2020,532,100
MS,2021,746,100
MS,2022,702,100
MS,2023,633,100
MS,2024,491,100
MS,2025,451,100
MT,2015,131,100
MT,2016,114,100
MT,2017,118,100
MT,2018,117,100
MT,2019,139,100
MT,2020,157,100
MT,2021,189,100
MT,2022,191,100
MT,2023,184,100
MT,2024,171,100
MT,2025,174,100
NC,2015,1537,100
NC,2016,1931,100
NC,2017,2369,100
NC,2018,2246,100
NC,2019,2236,100
NC,2020,3121,100
NC,2021,3900,100
NC,2022,4255,100
NC,2023,3489,100
NC,2024,2771,100
NC,2025,1935,100
ND,2015,66,100
ND,2016,80,100
ND,2017,76,100
ND,2018,70,100
ND,2019,90,100
ND,2020,123,100
ND,2021,136,100
ND,2022,141,100
ND,2023,127,100
ND,2024,120,100
ND,2025,130,100
NE,2015,123,100
NE,2016,113,100
NE,2017,157,100
NE,2018,140,100
NE,2019,146,100
NE,2020,210,100
NE,2021,218,100
NE,2022,223,100
NE,2023,171,100
NE,2024,145,100
NE,2025,146,100
NH,2015,415,100
NH,2016,458,100
NH,2017,478,100
NH,2018,446,100
NH,2019,395,100
NH,2020,393,100
NH,2021,433,100
NH,2022,484,100
NH,2023,430,100
NH,2024,282,100
NH,2025,268,100
NJ,2015,1423,100
NJ,2016,1971,100
NJ,2017,2621,100
NJ,2018,2857,100
NJ,2019,2774,100
NJ,2020,2817,100
NJ,2021,3009,100
NJ,2022,2945,100
NJ,2023,2667,100
NJ,2024,1951,100
NJ,2025,1544,100
NM,2015,496,100
NM,2016,494,100
NM,2017,494,100
NM,2018,525,100
NM,2019,609,100
NM,2020,792,100
NM,2021,1040,100
NM,2022,1007,100
NM,2023,994,100
NM,2024,784,100
NM,2025,959,100
NV,2015,665,100
NV,2016,707,100
NV,2017,756,100
NV,2018,741,100
NV,2019,710,100
NV,2020,915,100
NV,2021,1039,100
NV,2022,1127,100
NV,2023,1400,100
NV,2024,1473,100
NV,2025,1229,100
NY,2015,1802,100
NY,2016,2248,100
NY,2017,2444,100
NY,2018,2236,100
NY,2019,2086,100
NY,2020,2874,100
NY,2021,3170,100
NY,2022,3401,100
NY,2023,3408,100
NY,2024,2331,100
NY,2025,1644,100
OH,2015,3336,100
OH,2016,4326,100
OH,2017,5138,100
OH,2018,4004,100
OH,2019,4279,100
OH,2020,5215,100
OH,2021,5405,100
OH,2022,5144,100
OH,2023,4745,100
OH,2024,3144,100
OH,2025,2446,100
OK,2015,722,100
OK,2016,803,100
OK,2017,770,100
OK,2018,703,100
OK,2019,618,100
OK,2020,746,100
OK,2021,934,100
OK,2022,1183,100
OK,2023,1258,100
OK,2024,1017,100
OK,2025,842,100
OR,2015,497,100
OR,2016,496,100
OR,2017,534,100
OR,2018,556,100
OR,2019,610,100
OR,2020,797,100
OR,2021,1181,100
OR,2022,1387,100
OR,2023,1851,100
OR,2024,1529,100
OR,2025,1029,100
PA,2015,3263,100
PA,2016,4648,100
PA,2017,5434,100
PA,2018,4415,100
PA,2019,4444,100
PA,2020,5178,100
PA,2021,5444,100
PA,2022,5212,100
PA,2023,4746,100
PA,2024,3360,100
PA,2025,2825,100
PR,2015,32,100
PR,2016,49,100
PR,2017,63,100
PR,2018,63,100
PR,2019,175,100
PR,2020,156,100
PR,2021,639,100
PR,2022,792,100
PR,2023,769,100
PR,2024,608,100
PR,2025,457,100
RI,2015,319,100
RI,2016,346,100
RI,2017,332,100
RI,2018,331,100
RI,2019,317,100
RI,2020,397,100
RI,2021,460,100
RI,2022,452,100
RI,2023,416,100
RI,2024,333,100
RI,2025,220,100
SC,2015,736,100
SC,2016,871,100
SC,2017,1001,100
SC,2018,1106,100
SC,2019,1131,100
SC,2020,1729,100
SC,2021,2166,100
SC,2022,2292,100
SC,2023,2153,100
SC,2024,1479,100
SC,2025,1332,100
SD,2015,62,100
SD,2016,69,100
SD,2017,75,100
SD,2018,57,100
SD,2019,88,100
SD,2020,74,100
SD,2021,101,100
SD,2022,84,100
SD,2023,84,100
SD,2024,89,100
SD,2025,91,100
TN,2015,1455,100
TN,2016,1643,100
TN,2017,1783,100
TN,2018,1837,100
TN,2019,2138,100
TN,2020,3090,100
TN,2021,3861,100
TN,2022,3862,100
TN,2023,3693,100
TN,2024,2555,100
TN,2025,2132,100
TX,2015,2579,100
TX,2016,2812,100
TX,2017,2950,100
TX,2018,2971,100
TX,2019,3123,100
TX,2020,4154,100
TX,2021,4912,100
TX,2022,5457,100
TX,2023,5727,100
TX,2024,5028,100
TX,2025,4413,100
US,2015,52623,100
US,2016,63938,100
US,2017,70699,100
US,2018,67850,100
US,2019,71130,100
US,2020,92478,100
US,2021,107573,100
US,2022,109413,100
US,2023,106881,100
US,2024,80860,100
US,2025,69384,100
UT,2015,649,100
UT,2016,650,100
UT,2017,645,100
UT,2018,630,100
UT,2019,575,100
UT,2020,622,100
UT,2021,675,100
UT,2022,646,100
UT,2023,698,100
UT,2024,691,100
UT,2025,674,100
VA,2015,1002,100
VA,2016,1356,100
VA,2017,1455,100
VA,2018,1434,100
VA,2019,1538,100
VA,2020,2185,100
VA,2021,2603,100
VA,2022,2491,100
VA,2023,2452,100
VA,2024,1547,100
VA,2025,1249,100
VT,2015,99,100
VT,2016,136,100
VT,2017,128,100
VT,2018,144,100
VT,2019,118,100
VT,2020,186,100
VT,2021,251,100
VT,2022,266,100
VT,2023,246,100
VT,2024,205,100
VT,2025,150,100
WA,2015,1109,100
WA,2016,1117,100
WA,2017,1168,100
WA,2018,1163,100
WA,2019,1251,100
WA,2020,1726,100
WA,2021,2264,100
WA,2022,2753,100
WA,2023,3512,100
WA,2024,3183,100
WA,2025,2962,100
WI,2015,873,100
WI,2016,1079,100
WI,2017,1177,100
WI,2018,1087,100
WI,2019,1200,100
WI,2020,1531,100
WI,2021,1759,100
WI,2022,1780,100
WI,2023,1744,100
WI,2024,1167,100
WI,2025,962,100
WV,2015,729,100
WV,2016,879,100
WV,2017,997,100
WV,2018,882,100
WV,2019,852,100
WV,2020,1331,100
WV,2021,1506,100
WV,2022,1318,100
WV,2023,1389,100
WV,2024,819,100
WV,2025,660,100
WY,2015,92,100
WY,2016,93,100
WY,2017,66,100
WY,2018,61,100
WY,2019,72,100
WY,2020,101,100
WY,2021,101,100
WY,2022,123,100
WY,2023,127,100
WY,2024,107,100
WY,2025,82,100
YC,2015,959,100
YC,2016,1424,100
YC,2017,1493,100
YC,2018,1482,100
YC,2019,1548,100
YC,2020,2131,100
YC,2021,2775,100
YC,2022,3142,100
YC,2023,3111,100
YC,2024,2254,100
YC,2025,1930,100
